author,num_comments,median_comment_length,median_score,num_posts
--bLa--,1,62.0,1.0,
-Carterr-,1,78.0,2721.0,2.0
-DonnieDarko-,1,2.0,1.0,
-InSerT_NAmE-HeRE,1,1.0,7.0,
-Lloyd-Braun-,1,22.0,1.0,
-Philologian,1,16.0,1.0,1.0
03_03_28,1,9.0,10.0,
0ld_Cranky_G0at,1,8.0,1.0,
0mniknight,1,57.0,2.0,
1-800-BUTTPLUGS,2,215.5,30.5,
1-e4-e5-2-Ke2,2,20.5,129.5,
1000Airplanes,1,25.0,2.0,
1004Packard,3,34.0,6.0,
100percentmaxnochill,9,157.0,3.0,
10erJohnny,1,44.0,1.0,
10woodenchairs,2,36.0,4.5,
10z34,3,49.0,30.0,
123austin4,1,37.0,6.0,
1337Lulz,1,12.0,3.0,
13ronco,2,48.0,4.0,
19683dw,1,225.0,2.0,
1D10TErr0r,1,162.0,2.0,
1ToGreen3ToBasket,8,69.0,16.0,
2057Champs__,7,97.0,7.0,
2222lil,5,85.0,17.0,2.0
22byseven,1,91.0,19.0,
22duckys,12,118.0,3.5,
2king,1,39.0,1.0,
34HoldOn,7,76.0,2.0,
3_pac,1,30.0,2.0,
3rd_Coast,3,16.0,2.0,
5-Star_Fraud,1,91.0,3.0,
54stickers,2,44.5,4.0,
5_yr_lurker,1,425.0,2.0,
65grendel,3,94.0,2.0,
68W38Witchdoctor1,3,245.0,13.0,
69Centhalfandhalf,1,131.0,1.0,
69umbo,3,276.0,1.0,
70MCKing,2,78.5,48.5,
77heythere77,1,52.0,1098.0,
80Pound,2,41.0,-3.0,
84121629,3,254.0,3.0,
8l2d,1,27.0,251.0,
94UserName42069,1,42.0,18.0,
9fingerman,1,31.0,0.0,
AAF099,1,17.0,1.0,
ACAB-commies,3,31.0,1.0,
AForbiddenFruit,1,26.0,7.0,
AG44,1,60.0,1.0,
AJ_III,3,38.0,6.0,
AJohnny101,1,7.0,3.0,
AK2348,1,3.0,4.0,
AKblazer45,9,55.0,3.0,
ALARE1KS,1,61.0,1.0,
ALowlyRadish,2,113.5,27.0,
AManInBlack2017,13,91.0,8.0,
ANahNahMoose,2,128.0,40.5,
APersonWithThreeLegs,1,145.0,18.0,
ASAPYames,1,52.0,1.0,
ASU_SexDevil,1,99.0,80.0,
AStormofSwines,1,72.0,9.0,
ATLtinyrick,1,63.0,11.0,
AWaterhorse,1,122.0,15.0,
AWokenBeetle,1,47.0,1.0,
AWolfGaming,5,20.0,3.0,
A_Namekian_Guru,1,36.0,10.0,
Abeds_BananaStand,2,69.5,27.0,
Abject-Recipe1359,16,37.0,6.0,
Accomplished_Dig6903,1,176.0,44.0,
Ace-Red,5,56.0,1.0,
AceOut,1,118.0,5.0,
AcerbicFwit,5,38.0,3.0,
AchVonZalbrecht,3,94.0,15.0,
AchyBreaker,1,334.0,37.0,
Acrobatic-Taste-443,4,54.5,3.0,
Acrobatic_Switches,1,80.0,3.0,
ActingBuffalo,3,55.0,23.0,
ActuallyExtinct,1,32.0,2.0,
Additional-Cry8856,1,17.0,1.0,
Adventurous_Bet_1064,1,120.0,7.0,
AegisPlays314,1,85.0,3.0,
AeroStatikk,3,66.0,4.0,
AesculusPavia,1,13.0,1.0,
Aethiam,1,41.0,8.0,
Affectionate_Year_14,1,53.0,2.0,
AfricanDeadlifts,1,55.0,2.0,
AfterTemperature2198,1,16.0,56.0,
Agent865,1,49.0,3.0,
Agent_Smith_88,4,129.5,4.0,
Agitated_Ant_1201,1,30.0,-10.0,
Ahmedgbcofan,1,48.0,1.0,
AlbaniansDetroit,3,86.0,8.0,
Albatross-Helpful,1,43.0,2.0,
AlbertBrianTross,1,12.0,2.0,
Albertgonzalezminecr,1,26.0,1.0,
Albodanny,2,27.5,3.5,
AlbusDumbledor,2,47.5,8.5,
AlecAndGylfi,9,52.0,5.0,
AlekRivard,3,83.0,1.0,
Alexc458,1,32.0,2.0,
AlfalfaTheBear,1,46.0,136.0,1.0
Alfiesta,1,54.0,2.0,
AllBlueTeams,1,16.0,15.0,
AllThingsGaming6,1,110.0,2.0,
AlphaH4wk,1,29.0,1.0,
AmazingHat,8,74.0,1.5,
Ambassabear,14,47.5,5.5,
Amen_ds,15,80.0,16.0,
AnAngryPirate,2,36.0,2.5,
AncientPomegranate97,1,82.0,2.0,
AndrewArmy,1,770.0,4.0,
Andrewdeadaim,2,18.5,5.0,
AngelOnAngelDust,1,69.0,1.0,
Angriest_Wolverine,4,77.5,7.0,
Angry_Goatee,1,18.0,7.0,
Angry_Walnut,2,47.0,6.5,
Anniemoose98,1,30.0,2.0,
AnonymousUser225,1,55.0,16.0,
AntSmith777,1,315.0,303.0,
AnyNobody7517,3,42.0,9.0,
Any_Adhesiveness_898,1,34.0,12.0,
ApexxPredditor,1,56.0,4.0,
Apprehensive-Exam663,1,171.0,152.0,
AppropriateCompany9,1,37.0,1.0,
Appropriate_Bottle44,3,181.0,3.0,
Apptubrutae,2,307.5,11.5,
Aqqaaawwaqa,17,36.0,1.0,
ArbitraryOrder,5,47.0,14.0,1.0
Arcades,1,31.0,2.0,
Arithmancer_NGPlush,1,43.0,3.0,
Armagizmo,1,104.0,1.0,
Aromatic_Location,1,113.0,4.0,
ArtanistheMantis,1,250.0,2.0,
Arvis1983,6,96.5,-4.0,
Ash-Catchum-All,1,22.0,1.0,
AshtabulaJesus,3,205.0,11.0,
Asianhead,1,29.0,101.0,
Astone1996,2,54.5,3.5,
Asuka69420,1,23.0,7.0,
Audioice,1,58.0,1.0,
Auferstehen2,1,55.0,18.0,
AulayanD,1,163.0,30.0,
Auron599,1,48.0,-5.0,
Automatic_Release_92,3,147.0,7.0,
Average_Floridian,1,114.0,104.0,
AvikHyp3,1,102.0,-10.0,
AwsumnessMan,1,105.0,151.0,
Ayyafuckin,1,26.0,1.0,
AzBuck12977,8,58.5,2.5,
B1GFanOSU,19,42.0,1.0,
B1G_Red_Husker,1,61.0,2.0,
BPIDayman,1,40.0,1.0,
BRKLM,1,29.0,1.0,
BSdawg,1,41.0,3.0,
BSumner52,3,50.0,1.0,
BUSean,1,57.0,1.0,
BWFeuntaco,1,77.0,27.0,
BabyBark,4,79.5,7.0,
BabyFaceIT,2,76.5,18.5,
BadDadJokes,5,92.0,3.0,
Bad_Idea_Hat,3,36.0,2.0,
BallMeBlazer22,1,189.0,144.0,
Ballarisou,1,123.0,43.0,
BaltimoreBadger23,1,43.0,7.0,
Banned_From_CFB,1,46.0,22.0,
Banzai51,6,48.0,1.0,
BarKnight,14,40.0,9.5,
Bashful_Tuba,1,88.0,4.0,
Be-Nice-To-Redditors,1,35.0,1.0,
Beagledogggo17,1,58.0,1.0,
Beantown_Beatdown_,1,25.0,2.0,
Beardr8,1,61.0,57.0,
BeautifulRapture,4,133.0,2.5,
Beavis2210,6,26.5,3.5,
BeeeeefJelly,1,180.0,25.0,
BeefInGR,5,101.0,3.0,
BeerBellyBlake,3,15.0,13.0,
BehindSunset,1,79.0,3.0,
BenBenRod,1,115.0,1.0,
BenderB-Rodriguez,5,156.0,-6.0,
Benedict-Donald,1,84.0,117.0,
Benign_Banjo,6,107.5,12.5,
BernankesBeard,9,71.0,14.0,
Bernie51Williams,1,358.0,-6.0,
Bert_1990,1,13.0,2.0,
BesetByTiredness225,2,21.0,8.5,
Better-Preparation73,1,100.0,50.0,
BigBat92,1,120.0,23.0,
BigDGuitars,1,199.0,1.0,
BigDiqDaddy33,1,34.0,9.0,
BigReich,2,58.5,1.0,
BigUce223,3,56.0,1.0,
Big_Daddy_Thiccums,1,20.0,3.0,
Bigbadbriodad,1,282.0,1.0,
Bigbysjackingfist,4,43.0,1.5,
BigdaddyMC1,1,112.0,3.0,
BiglySquirter,1,13.0,1.0,
Bigmanbravodelta,1,29.0,8.0,
BitcoinSaveMe,1,119.0,12.0,
Bixler17,4,93.5,0.0,
Bjorn2bwilde24,1,54.0,6.0,
BlackHand86,1,19.0,1.0,
Black_Cadillacs,1,211.0,34.0,
Blackhalo,1,58.0,4.0,
Blacksheepoftheworld,1,213.0,3.0,
BlameMabel,1,33.0,37.0,
Blarg1889,2,76.0,17.5,2.0
BlindManBaldwin,1,40.0,1.0,
BlindTiger86,1,11.0,1.0,
Blooblod,1,51.0,7.0,
BloodyRageQueef,2,43.5,2.0,
BloomsdayDevice,1,84.0,4.0,
BlueGuy99,4,38.0,7.5,
Bluecrabby,1,61.0,1.0,
Blues2112,3,129.0,2.0,
BoatWeak,1,57.0,1.0,
BobLobLaw_Law2,3,61.0,1.0,
BobSapp,1,46.0,1.0,1.0
BobWuzNutHeer,1,15.0,2.0,
Boli_Tobacha,1,26.0,9.0,
Bomboo2810,1,53.0,7.0,
BonedToga,1,49.0,18.0,
BonerForBenz,1,72.0,25.0,
Bonespurfoundation,1,36.0,-2.0,
BongLeardDongLick,1,43.0,1.0,
BooRadleysreddit,2,18.5,7.5,
Boobygirls,1,109.0,15.0,
BoomNasty,1,143.0,2.0,
Boomhauer_007,1,44.0,27.0,
BoostedJuan,2,54.5,3.0,
BootyOnTheMental,1,43.0,3.0,
BorrowSpenDie,2,111.0,0.5,
Bottlecaps9,2,70.0,7.0,
Boulders_In_A_Helmet,1,716.0,36.0,
Bowlderdash,2,31.5,0.0,
Breadlum,3,235.0,2.0,
Breakfast-Burrito,1,39.0,1.0,
Breedwell,3,84.0,11.0,
Bren12310,1,26.0,5.0,
BrettSchirley22,1,20.0,-7.0,
Brickleberried,5,164.0,6.0,
BrinTheCSNoob,1,30.0,1.0,
Britton120,2,175.0,6.5,
Brock_Way,2,209.5,2.0,
BrogenKlippen,2,63.0,4.0,
Brolurk9,1,29.0,15.0,
BrosenkranzKeef,1,211.0,2.0,
BrotherSeamus,2,28.0,3.5,
BrownGangstaBean,1,1047.0,1.0,
Bruga03,1,81.0,5.0,
Brussells,1,115.0,19.0,
BuckeyeEmpire,7,93.0,2.0,8.0
Bucks2020,1,69.0,-23.0,
Bullseyefred,1,42.0,7.0,
Burger-King-Sucks,1,14.0,10.0,
Burnt_By_The_Sun,2,4.5,1.0,
Burt-Macklin,3,24.0,7.0,
Business_Relative_55,2,29.5,8.0,
ButterToastB0y,3,43.0,9.0,
Buy-Hype-Sell-News,1,27.0,-14.0,
BuyThoseDips,4,158.0,5.5,
BygoneAge,1,19.0,1.0,
Bystronicman08,1,57.0,1.0,
C-Bus_Exile,1,45.0,1.0,
C-Flango87,1,11.0,6.0,
C19shadow,1,147.0,7.0,
CALAMITYFOX,11,37.0,3.0,
CBailey94,1,541.0,5.0,
CBusin,3,79.0,2.0,
CCS80,1,9.0,5.0,3.0
CDSEChris,8,109.5,2.0,
CJ_Beathards_Hair,4,28.5,1.5,
COLU_BUS,3,25.0,8.0,
CPC_Mouthpiece,1,67.0,11.0,
CSThrowaway022,1,21.0,1.0,
CVogel26,1,135.0,5.0,
CW1DR5H5I64A,1,51.0,97.0,
CWG4BF,1,104.0,4709.0,1.0
C_Colin,3,46.0,1.0,
CaballoenPelo,3,45.0,2.0,
Cadet_Broomstick,1,64.0,3.0,
Caffeine_Cowpies,1,35.0,1.0,
CalculatedCody9,1,13.0,6.0,
CallRespiratory,1,49.0,1.0,
Call_Me_Rambo,1,41.0,5.0,
CamAquatic,2,99.5,16.5,
CanadianMaelstrom,1,34.0,17.0,
CantHitachiSpot,2,48.0,1.0,
CantaloupeCamper,1,85.0,8.0,
Canyanna,2,234.5,-3.0,
CaptainKillSwitch3,1,50.0,1.0,
Captain_Nipples,2,81.0,14.0,
Car_wash_mechanic,2,96.5,16.0,
CarbonCamaroSS,3,161.0,14.0,
CardsGuru,1,11.0,2.0,
CarefulCoderX,2,236.0,54.5,
Careful_Mastodon486,1,38.0,1.0,
CarlSaigon,1,33.0,2.0,
CarterExpress,1,57.0,1.0,
Casaiir,1,156.0,1.0,
CasimirPulaski,2,141.0,9.5,
CatDad69,2,48.0,-2.0,
Catch_a_toot,1,43.0,13.0,
CautiousHashtag,1,111.0,1.0,
Celticsfor18th,1,30.0,0.0,
CensoredForever,1,54.0,1.0,
CenterOfGravitas,1,86.0,1.0,
Champagnetravvy,6,66.0,-23.0,
Chardoggy1,1,63.0,4.0,
CharmsCandy,1,104.0,77.0,
CheckItWhileIWreckIt,2,120.0,39.0,
ChedderWet,1,25.0,1.0,
Cheekclapped,1,23.0,1.0,
CheesecakePower,3,261.0,2.0,
ChemicalOle,2,34.5,309.0,2.0
Chemical_One,3,263.0,36.0,
Chesh,1,4.0,1.0,
ChesterCopperpotHou,2,65.0,1.0,
ChetCustard,2,38.0,10.5,
ChevyNexus,1,126.0,14.0,
Chicago_Jayhawk,1,30.0,2.0,
Chimie45,2,167.0,2.0,
Cholln,1,71.0,1.0,
ChompTheNumbers,3,113.0,1.0,
Chris6144,2,47.0,17.5,
ChronicPains,1,8.0,6.0,
Chuck006,1,27.0,7.0,
Chuck_Foolery,1,211.0,26.0,
Chuu320,3,51.0,2.0,
CirculationStation,2,139.0,6.5,
Civil_Peacenik,1,11.0,-1.0,
ClaudeLemieux,2,71.5,47.5,
Claudius-Germanicus,1,32.0,6.0,
CleanOpinions,3,128.0,28.0,
Cleveland_Guardians,1,258.0,3.0,
CliffsOfMohair,1,43.0,1.0,
Clones22,1,70.0,11.0,
Clynelish1,5,130.0,12.0,
Cmp_,1,28.0,649.0,
Cobainism,2,131.0,5.5,
Cody667,7,106.0,5.0,
Coins_CA_Mi_Stuff,1,83.0,1.0,
ColdAssHusky,5,212.0,15.0,
CollectionNervous482,3,103.0,8.0,
ColoradoWolverine,1,86.0,1.0,
ComicSportsNerd,1,64.0,1.0,
CommodoreN7,8,41.0,46.0,
Competitive_Market70,1,51.0,1.0,
Comrade__Conrad,1,88.0,6.0,
Conald_Fsmoker,3,45.0,21.0,
ConceptsShining,1,190.0,6.0,
CooCooforCucu,3,28.0,5.0,
CookedPeaches,1,11.0,2.0,
CookieLuzSax,2,46.5,11.0,
CoolHandHazard,3,36.0,24.0,
Coreysurfer,1,27.0,3.0,
Corona2789,1,90.0,2.0,
Correct_Ad8193,1,375.0,-5.0,
Coteup,1,78.0,22.0,
CottonWasKing,1,183.0,1.0,
CountBluntula,1,31.0,13.0,
CountDwarfKnock,1,116.0,1.0,
CountJohn12,1,905.0,1.0,
CountOff,2,156.5,2.0,
Cpt-Kickass,1,126.0,42.0,
Crafty-Necessary4044,1,43.0,9.0,
CraftyChameleonKing,1,36.0,3.0,
CramblinDuvetAdv,3,30.0,13.0,
CrashUser,1,147.0,13.0,
CrastersKip,2,202.5,9.0,
CrazyAsian,1,101.0,6.0,
CreamedJesus,4,125.0,5.5,
CrimsonMirage7,1,32.0,1.0,
Crosley8,1,43.0,471.0,
Crotean,11,115.0,7.0,
Cruiser133,1,113.0,1.0,
CrushyOfTheSeas,1,97.0,9.0,
Cryogenx37,4,87.0,7.0,
CumAssault,1,117.0,4.0,
CurlyBill1845,1,127.0,1.0,
CurseOfBobbyLayne,1,19.0,2.0,
Cybernetik81,1,116.0,-15.0,
CygnusTM,1,70.0,21.0,
Cynoid,1,246.0,3.0,
Cytoskeletal,1,129.0,10.0,
D1N2Y,5,100.0,11.0,
DAS_UBER_JOE,1,51.0,3.0,1.0
DBek23,1,72.0,9.0,
DETtigersOWNyou,1,52.0,1.0,
DFWTrojanTuba,1,43.0,1.0,
DICK_SLAP89,1,48.0,2.0,
DJBoost,1,117.0,3.0,
DJCityQuamstyle,1,13.0,2.0,
DJDIRTYDAVIE,2,140.5,-6.5,
DJKittyDC,2,45.0,6.5,
DJPandamonium,1,51.0,35.0,
DK1470,1,294.0,7.0,
DMM4140,5,38.0,2.0,
DMaury1969,1,30.0,4.0,
DRW315,1,32.0,15.0,
Dabaer77,1,22.0,1.0,
Daedalus871,1,107.0,34.0,
DaewooLanosMFerrr,4,31.5,2.0,
DafoeFoSho,1,51.0,1.0,
DakotaXIV,1,53.0,68.0,
DameOClock,3,141.0,9.0,
Dan20698,1,61.0,15.0,
DanTeets1980,1,135.0,3.0,
DancesWithChimps,1,59.0,2.0,
DangleCellySave,1,55.0,326.0,
Dankdabbr420,1,18.0,1.0,
DankmemeReturns,3,82.0,7.0,
DannyDawson,1,170.0,2.0,
Danp500,5,112.0,28.0,
Danwarr,1,15.0,1.0,
Dareal_truth,1,25.0,1.0,
DarthLeprechaun,1,68.0,5.0,
DasAlbatross,16,71.5,7.0,
DasMudpie,1,55.0,4.0,
DataDrivenPirate,1,46.0,26.0,
DayManMasterofNight,1,32.0,6.0,
De1CawlidgeHawkey,1,81.0,6.0,
DeWeed4,1,66.0,1.0,
DeaconFrostedFlakes,1,261.0,3.0,
Dead_Baby_Kicker,42,85.5,3.0,
Deadpool11085,1,10.0,4.0,
DeathCatforKudi,1,34.0,82.0,
Deathwatch72,1,152.0,6.0,
DecemberE,1,49.0,1.0,
Deducticon,1,45.0,-16.0,
Defensive_of_Offense,4,38.0,46.0,
Deist_Dagon,1,9.0,3.0,
Delegacy,1,17.0,7.0,
DeliberateMelBrooks,1,51.0,6.0,
DeltronFF,1,35.0,1.0,
DemosthenesForest,2,32.0,6.5,
DennisMoves,3,34.0,9.0,
Derpinator_30,9,67.0,2.0,
DerpityHerpington,2,27.5,3.0,
Descartes_Farts,2,51.0,132.0,
Desert_Scorpio,2,118.5,6.5,
DetectiveTank,8,21.0,2.5,
Detonation,3,86.0,5.0,
Dewjack,3,101.0,3.0,
Dfhmn,1,77.0,2.0,1.0
DheRadman,5,219.0,16.0,
Diamond4Hands4Ever,3,180.0,1.0,
Dicc-fil-A,1,101.0,1.0,1.0
DiceboyT,1,53.0,2.0,
DickySchmidt33,1,43.0,2.0,
DigiQuip,1,65.0,4.0,
DinkyTrees,5,46.0,6.0,
DireFox1,6,207.5,1.0,
Dirt_on_Diamonds,1,50.0,1.0,
Dirty-Ears-Bill,2,191.5,101.5,
Dirtybrd,1,10.0,129.0,
Dirtyduck19254,1,115.0,55.0,
Disagreeable-,1,115.0,29.0,
District_Dan,1,35.0,2.0,
Djax99,3,80.0,21.0,
Dkaiser1919,1,26.0,14.0,
Dlaz2005,11,42.0,6.0,
Dmtbassist1312,1,197.0,-11.0,
DocCyanide,1,96.0,31.0,
DoctorZzzzz,2,39.0,1.0,
Doctor_Kataigida,4,197.0,13.5,
DogePerformance,1,13.0,8.0,
DoktorVidioGamez,1,48.0,-2.0,
DonnyTheWalrus,1,64.0,21.0,
DoobaDoobaDooba,1,12.0,6.0,
DoobieRudy23,4,64.0,1.5,
Doomas_,2,383.5,32.0,
Dorazer,2,16.0,2.5,
DothrakiSlayer,1,80.0,6.0,
Doubleaa2122,1,137.0,649.0,
DougGlatt17,1,31.0,35.0,
DowntownDubs,2,449.5,7.5,
Dr-Denim,1,47.0,3.0,
DrBeepers,1,24.0,1.0,
DrKepret,1,141.0,1.0,
DrModel,4,153.5,4.5,
Dr_Joro,1,15.0,1.0,
Dragon6172,1,295.0,19.0,
DragoniteJeff,1,35.0,4.0,
Dranchela,1,26.0,1.0,
Draugr_Overlord,1,11.0,1.0,
Dreadlockedd,1,95.0,193.0,
Drexlore,2,39.0,1249.0,1.0
Drithyin,5,164.0,5.0,
Driveshaft48,1,33.0,106.0,
Drmantis87,2,207.5,9.0,
Drum_Phil,1,56.0,3.0,
DrunkVinnie,2,20.0,52.0,
Dubandubs,2,25.0,11.0,
DubsLA,2,99.0,1.0,
DuckOnARiver,4,36.0,7.5,
Duckrauhl,1,14.0,3.0,
Duh_moneyyy,1,78.0,6.0,
DukeTheDuke23,4,153.0,9.0,
Duke_Maniac,3,23.0,5.0,
Dull_Lavishness9986,1,9.0,55.0,
Dum-Cumpster,1,84.0,1.0,
Durdens_Wrath,6,49.0,2.0,
DutchBlitz5,1,86.0,1545.0,
Dwychwder,1,26.0,5.0,
DynamicEntropy_,1,27.0,1.0,
EViLTeW,1,98.0,2.0,
Earl_The_Snake_White,1,82.0,149.0,
Easter_1916,5,101.0,3.0,
Easy-Priority-2703,1,37.0,1.0,
EatKillFuck,1,43.0,1.0,
EchoInExile,1,41.0,0.0,
EggosAndLegos,1,29.0,26.0,
EkkoLivesMatter,1,63.0,22.0,
El-Duque26,4,882.0,1.0,
ElBandejo,4,190.0,18.0,
El_Bistro,1,12.0,1.0,
El_Dud3r1n0,1,176.0,6.0,
Elbit_Curt_Sedni,42,104.0,4.0,3.0
Elegant_Spot_3486,1,22.0,2.0,
Elegante0226,4,15.5,2.5,
Elexeh,6,190.0,8.0,
Elitealice,2,169.0,1.0,
ElkHairCaddisDrifter,1,33.0,11.0,
ElmoTeHAzN,1,32.0,2.0,
Em101597,1,29.0,1.0,
Emf0054,1,33.0,5.0,
Emgoblue09,1,66.0,17.0,
EmilioMolesteves,9,23.0,2.0,
Emotional-stoic,2,289.5,6.5,
EnderTheTrender,2,112.0,5.0,
EngineeringNo7659,2,87.5,1.5,
EpOxY81,3,48.0,4.0,
Epcot92,1,131.0,6.0,
Eph1997,7,99.0,4.0,
EpicWolverine,1,47.0,6.0,
Epicular,1,25.0,8.0,
ErickBachman,1,12.0,1046.0,
ErinBikes,1,212.0,6.0,
EscoffierUSA,1,20.0,1.0,
EskettiMySpaghetti,1,95.0,19.0,
EsotericPlumbus,1,42.0,-3.0,
Euphoric_Quiet617,2,40.0,11.0,
Evannnnnm,1,43.0,3.0,
Exidor,1,25.0,1.0,
ExiledSanity,3,80.0,46.0,
Expert_University_24,1,14.0,8.0,
External-Usual-7697,1,17.0,12.0,
Extortion187,1,26.0,1.0,
EyeWasAbducted,4,100.0,11.0,
F1_revolution,1,58.0,2.0,
FBI_Official_Acct,2,181.0,8.0,
FCBStar-of-the-South,1,114.0,77.0,
FMF_sunflowers,11,34.0,7.0,
FREE-ROSCOE-FILBURN,2,34.0,7.0,
FaceWithNoNames,1,31.0,4.0,
Facetious_T,1,50.0,1.0,
FakeAurelius,1,102.0,9.0,
Falcon84,1,42.0,16.0,
Falkemback_,1,39.0,1.0,
FamiliarUpstairs7300,2,27.0,26.0,
FamilyOrientedSim,1,122.0,1.0,
Far_Eye6555,6,67.0,2.0,
Farlander2821,1,90.0,308.0,
Fast_Allen,1,38.0,37.0,
Fatal_MrPie879,1,33.0,1.0,
FeatofClay,1,34.0,76.0,
Feitansfoot,3,57.0,2.0,
FellKnight,2,23.0,3.0,
Ferentzfever,1,83.0,27.0,
FerricNitrate,1,207.0,1.0,
Ferris_Wheel_Skippy,10,256.5,6.0,
Few_Brain8167,2,23.5,1.5,
Fexxus,1,123.0,14.0,
FicVirth,2,57.5,37.5,
FieldingYost,1,45.0,2.0,
FireATWillllll,1,179.0,6.0,
FistMeQTPie,2,74.5,2.5,
Fit_Investment5041,1,8.0,3.0,
Flabpack221,1,138.0,4.0,
FlamingTomygun2,1,144.0,36.0,
Flaming_101,1,248.0,-2.0,
Flayahata,1,20.0,66.0,
FleshlightModel,9,57.0,4.0,
Flibbityfloydz,1,89.0,1.0,
Flood-One,4,39.0,5.5,
FloridianMapping,2,251.0,1.0,
FlowingMochi,1,11.0,2.0,
FluffyMoomin,1,173.0,7.0,
Fools_Requiem,2,143.5,13.5,
Foreign_Football_670,1,91.0,19.0,
Foriegn_Picachu,1,17.0,-3.0,
FormerIceCreamEater,1,43.0,584.0,
Forward-Ad-2672,1,56.0,5.0,
FourToTwoForSix,2,24.5,3.0,
Foxx_Mulderp,18,26.5,2.5,
FrankKaminsky,1,62.0,3.0,
Frans_51,1,112.0,6.0,
FrazzledBear,3,124.0,11.0,
Freddybone32,1,49.0,5.0,
Free-Eights,2,102.5,51.5,
FreeDig1758,3,4.0,52.0,
Free_Tank1567,1,42.0,1.0,
Fresh_Bulgarian_Miak,8,39.5,9.5,
Frexxler,2,37.5,7.5,
FreyaOdinsdottir,1,52.0,13.0,
Frictionizer,1,43.0,3.0,
FrivolousMe,2,20.0,2.0,
Frogmarsh,3,52.0,5.0,
FrostByte_62,1,83.0,3.0,
FrostTroll69,2,55.0,4.5,
FrosteeRL,1,34.0,152.0,
Frosty-Cauliflower62,7,281.0,1.0,
FrozenRage1989,1,80.0,2.0,
Fruggles,1,58.0,2.0,
Frustrated_Socialist,1,101.0,1.0,
FuckLukeSmith,1,46.0,0.0,
FuckTheseFatPeople,1,8.0,1.0,
FuckTrumpBanTheHateR,25,43.0,5.0,
Fuck_ohio_state,1,151.0,6.0,
Full_Ad1617,1,340.0,6.0,
Fulmizant,1,138.0,223.0,
FunkBunchesofoats,3,42.0,5.0,
Furry_Dildonomics69,4,98.0,6.0,
Future_Tyrant,1,137.0,1.0,
FuzzyGummyBear,4,64.0,182.0,
G0B1GR3D,1,47.0,7.0,
GC_Denton,3,201.0,2.0,
GRUMPYbug12,3,38.0,34.0,
GRWolverineFan,1,67.0,35.0,
G_RoTT,2,42.0,6.0,
Gabians,1,564.0,72.0,
Gallaxee,1,38.0,52.0,
Gamblito,1,466.0,185.0,
GameBuster0703,1,49.0,398.0,
GameLikeADylan,1,99.0,1.0,
GamingGrayBush,3,47.0,5.0,
GangGreen7729,1,73.0,1.0,
Gardnersnake9,2,221.5,7.5,
Gars0n,1,293.0,32.0,
GaryRadford1948,1,33.0,1.0,
GasPasser73,5,65.0,9.0,
Gatorbuc29,8,80.0,2.5,
Gbchris12,1,9.0,1.0,
GenericLib,1,3.0,28.0,
Gent313,1,16.0,9.0,
Get2BirdsStoned,5,81.0,11.0,
Gewdtymez,6,149.0,1.5,
Gewsus,1,27.0,1.0,
Ghee_Guys,1,41.0,1.0,
GheorgheMuresan77,6,30.5,3.0,
Ghostconqueror,4,95.5,600.5,
Giants1030,1,55.0,1.0,
Gilded-Mongoose,1,92.0,2.0,
GimmeCatScratchFever,2,348.0,10.0,
GingerJesus000,1,164.0,1.0,
GizmoCanFly,1,133.0,5.0,
Glarbluk,1,122.0,14.0,
Gleebs88,6,72.0,11.5,
Glittering_Piece3057,1,38.0,3.0,
Gloveofdoom,1,236.0,5.0,
GlueGuns--Cool,4,13.5,3.5,
Gluticus,1,158.0,29.0,
Glycoside,1,9.0,3.0,
GoBlue3240,2,49.5,5.0,
GoBlueScrewOSU7,2,339.5,16.0,
GoBlueTX,1,27.0,1.0,
GoatPaco,5,192.0,2.0,
GoblinbonesDotEDU,1,18.0,8.0,
Goji97,1,37.0,2.0,
GoldStarisBetter-XU,6,38.5,2.0,
GoldandBlue,1,62.0,6.0,
Gomulkaaa,2,76.0,18.0,
GonzoTheWhatever,22,46.0,9.5,
Good_Cow237,1,64.0,4.0,
Goodbye_Hercules,1,10.0,6.0,
GooseBear12,1,147.0,1.0,
Gordon1Ramsay1Bolton,1,67.0,149.0,
Got_That_WeeFee,1,85.0,3.0,
Gowolvs,1,29.0,20.0,
GraemeTaylor,2,343.5,5.0,
GrahamHarris4,6,84.5,-6.0,
Grand-Ad4235,1,373.0,1.0,
GrandRapidsMiiiii,1,4.0,1.0,
Gre-er,2,29.5,2.5,
GreedyGreedyPig,1,49.0,17.0,
Greenredbull,1,56.0,1.0,
GregariousEgg,1,16.0,5.0,
Grigoowsby,2,53.0,107.0,
GrilledCyan,1,244.0,1.0,
GrizzGump,2,86.0,30.0,
Grizzlies_Stan,1,103.0,1.0,
Grlions91,2,100.0,30.0,
GroovinTootin,11,103.0,7.0,
GroundbreakingRun186,1,128.0,15.0,
GroundhogExpert,1,50.0,23.0,
GrowOrDie23,1,167.0,30.0,
GrubdonMcFartsAlot,1,30.0,2.0,
Gruulsmasher,3,117.0,8.0,
Gryfer,2,63.5,6.0,
Gryffindumble,1,78.0,2.0,
Gsmity,2,338.5,4.0,
GuitarWizard90,1,30.0,12.0,
GullibleFloor5991,3,154.0,0.0,
Gulo_gulo_1,1,78.0,1.0,
Gunden488,1,28.0,6.0,
GusBus__,1,105.0,30.0,
GuyJolly,1,44.0,6.0,
GuyWithTriangle,1,50.0,2.0,
GuynemerUM,1,27.0,14.0,
Gway22,2,121.5,2.0,
GwentMaster69420,1,365.0,21.0,
GwynethPaltrowsHead,1,57.0,2.0,
GyrateWheat6,1,178.0,4.0,
HERPES_COMPUTER,1,90.0,12.0,
HMpugh,1,233.0,99.0,
Habitualflagellant14,1,282.0,10.0,
Hades_Left_Hand_,1,20.0,1.0,
Hail2TheOrange,1,48.0,2.0,
HailToTheVictims,6,35.0,-5.5,
HairlessChinpanzee,1,110.0,1.0,
HalfTheManiUsedToB3,1,72.0,1.0,
Halloway92,2,290.0,2.0,
HallwayHomicide,1,22.0,11.0,
HamLewiston,1,47.0,1.0,
HandSack135,2,85.0,31.0,
HarbaughPsychWard,11,96.0,11.0,
HarbaughToKolesar,1,153.0,11.0,
HardAdversity,4,83.0,6.5,
Hark_An_Adventure,1,36.0,1.0,
Harkdog999,1,3.0,1.0,
HarwinStrongDick,2,35.0,491.0,
Hassination1993,1,86.0,17.0,
HattrickMahomes,1,112.0,2.0,
Hawk13424,1,72.0,3.0,
HawkI84,3,109.0,8.0,
HawkeyeTen,1,58.0,6.0,1.0
Hawkize31,1,103.0,7.0,
HawthorneWipes_HQ,1,38.0,8.0,
Heikks,4,90.5,1.0,
Heisenbread77,3,30.0,7.0,
Heistotronisreal,1,358.0,14.0,
Helium_1s2,2,87.0,10.0,
HelmundBawlz,1,37.0,1.0,
Henrito95,1,60.0,6.0,
HereIGoAgain_1x10,5,129.0,11.0,
HeySadBoy1,1,134.0,14.0,
HiSoArshavin,1,114.0,6.0,
HiddenWillow5,1,44.0,1.0,
HighronCondor,1,59.0,1.0,
HiiipowerBass,1,15.0,33.0,
HillAuditorium,4,104.0,6.5,
Hippo-Crates,1,49.0,2.0,
Hobo_Delta,4,56.5,4.5,
Hoffelcopter,4,47.5,9.5,
HoldmaDitka,1,87.0,12.0,
Honestly_,1,70.0,1.0,2.0
Honestly_Nobody,2,32.5,7.0,
Honey-Roy-Palmer,1,40.0,3.0,
HonorTheAllFather,1,144.0,19.0,
Hoodweenie,1,103.0,19.0,
HookPropScrum,2,119.0,7.5,
Horned_Frog4life,1,77.0,9.0,
HorribelSpelling,3,140.0,10.0,
Hosko817,1,72.0,-17.0,
Hossflex,1,7.0,2.0,
Hotel_Putingrad,1,40.0,2.0,
HoustonTrashcans,1,20.0,3.0,
HowitzerIII,1,81.0,2.0,
Hrmpfreally,1,11.0,3.0,
Huge_Satisfaction233,1,39.0,2.0,
Human_Syrup_2469,1,15.0,4.0,
Husker_Kyle,1,76.0,7.0,
Huskies971,4,116.0,7.5,
I-Am-Fodi,1,196.0,13.0,
I2ecover,1,57.0,9.0,
IAMDATRUESTREPAIRMAN,1,92.0,2.0,
IAmALucianMain,1,80.0,35.0,
IAmASimulation,8,65.5,4.0,
IAmJohnnyJB,1,15.0,34.0,
IAmNotKevinDurant_35,1,146.0,3.0,
ICanFluxWithIt,1,54.0,100.0,
IHB31,1,196.0,1.0,
IHappenToBeJosh,1,17.0,11.0,
IHaveDrinkingProblem,1,274.0,15.0,
IIIXBeerRunXIII,1,41.0,330.0,
ILkeSportzNIDCWhKnws,16,102.5,13.0,
IMKudaimi123,3,75.0,1.0,
IMadeThis4HOIMods,1,89.0,1.0,
INT_MIN,1,73.0,16.0,
IPA___Fanatic,1,50.0,24.0,
ISALTIEST,2,86.5,11.5,
IStoleYourWaifu,1,122.0,31.0,
I_Hate_Traffic,1,70.0,1.0,
I_Said,1,28.0,4.0,
I_Shall_Be_Known,1,36.0,18.0,
I_TittyFuck_Doves,5,44.0,15.0,
IamHidingfromFriends,4,85.5,4.5,
Iamthetophergopher,4,251.0,19.0,
Iccvoltage,1,177.0,1.0,
IceBoxWoman,1,225.0,20.0,
IceBreak,5,91.0,3.0,
Icecreamcollege,2,29.5,1.5,
Icouldshitallday,1,64.0,-1.0,
Icy-Coyote-621,2,91.5,10.5,
Icyveins86,1,235.0,11.0,
Ieyedude,1,20.0,1.0,
Ikolkyo,1,92.0,1.0,
ImGoingtoRegretThis5,2,73.5,5.0,
ImJLu,15,95.0,3.0,
ImPickleRock,2,78.0,6.0,
ImTellinTim,4,53.0,15.5,
ImTheMainCharacter,1,37.0,1.0,
ImXavierr,1,79.0,2.0,
Ima_pray_4_u,3,38.0,2.0,
ImaginativeLumber,1,220.0,20.0,
Imisskevslonghair,1,13.0,1.0,
ImperialMajestyX02,5,55.0,14.0,1.0
Important-Ostrich-26,1,17.0,1.0,
Impossible-Flight250,1,15.0,18.0,
Imthatjohnnie,1,40.0,4.0,
InVodkaVeritas,1,87.0,5.0,9.0
InYourFace1023,1,22.0,2.0,
InanimateSensation,4,122.0,26.0,
Indifference13,1,87.0,2.0,
Individual-Jaguar885,1,76.0,-4.0,
Inevitable_Skill_910,1,8.0,5.0,
InfallibleTheory,1,12.0,1.0,
InfinitePossibility8,1,20.0,1.0,
InheritTheWind,1,24.0,20.0,
InotMeowMeow,2,166.0,4.0,
Inquiring_Barkbark,2,30.0,3.5,
Insectshelf3,4,67.0,27.0,
InsertAmazinUsername,3,24.0,1.0,
InsertCleverNameHur,1,15.0,3.0,
InsideErmine69,1,19.0,1.0,
InspiroHymm,1,42.0,10.0,
IntelligentMetal,3,64.0,4.0,
InterdepartmentalHay,2,248.0,85.5,
IntraspaceAlien,1,10.0,18.0,
Intrepid-_-Wolverine,1,3.0,14.0,
Invictus23_,1,57.0,2.0,
IrishBuckles,1,15.0,1.0,
Iron_Mike0,7,287.0,2.0,
Ironredhornet,4,65.5,19.5,
Isavethings,2,117.0,7.0,
IslamicCheetah,4,69.5,4.0,
Isphet71,4,79.0,11.5,
Its-made-of-wood,1,107.0,29.0,
ItsFreakinHarry2,5,17.0,9.0,
ItsOnLikeNdamakung,7,143.0,11.0,
Ivor97,1,63.0,7.0,
Izanoroly,1,39.0,14.0,
J0K3R2,3,63.0,64.0,
JB92103,2,11.5,5.5,4.0
JBGreen10,1,3.0,10.0,
JCH32,7,172.0,5.0,
JD42305,1,45.0,1.0,
JEWISHPIGFARMER,1,95.0,83.0,
JHouseman92,24,28.5,6.0,
JJARTJJ,3,118.0,16.0,
JMer806,1,194.0,8.0,
JRBlue1,4,107.0,7.5,
JRockstar50,1,43.0,1.0,
JSK23,4,132.0,58.0,
JVVVK,1,55.0,1.0,
JWWBurger,3,89.0,6.0,
JZobel,2,273.0,8.0,
J_Dolla_X_Legend,1,16.0,1.0,
J_Taylor85,2,147.0,2.0,
Jabberwoockie,1,76.0,645.0,
JackOfNoTrades1,1,57.0,1.0,
JackSquat18,3,44.0,2.0,
Jaerba,11,99.0,16.0,
Jagacin,5,31.0,2.0,
Jahnotis,1,123.0,8.0,
JakeFromStateFromm,26,106.0,1.0,
JakeT-life-is-great,2,62.0,2.5,
Jake_The_Snake42,3,90.0,12.0,
JalenKurtz,1,12.0,1.0,
Jamesonsfriendz,1,42.0,3.0,
Jamesy983,1,135.0,13.0,
JamoRedhead,1,160.0,2.0,
Jankenpyon,1,79.0,20.0,
Janus67,1,115.0,8.0,
Jarbutt,3,91.0,6.0,
JarlaxleForPresident,5,61.0,2.0,
Jasonblah,1,334.0,2.0,
Jaws210x,1,58.0,1.0,
JayMerlyn,1,30.0,2.0,
JayMoney2424,1,163.0,2.0,
JayReeves10,1,19.0,1.0,
JaySavage808,1,25.0,1.0,
JaysonTatumOverrated,1,20.0,9.0,
Jcoch27,1,48.0,11.0,
JebidiahSuperfly,1,93.0,2.0,
Jecht315,11,79.0,4.0,
Jed566,2,134.0,2.5,
Jedi-El1823,1,236.0,1.0,
JediFed,4,122.0,1.5,
Jedsmith518,1,37.0,5.0,
Jem1123,1,52.0,1.0,
JemLover,1,40.0,1.0,
JennyAndTheBets1,1,31.0,18.0,
Jericcho,3,23.0,2.0,
JeromePowellsEarhair,5,94.0,5.0,
JesusWEPT782,1,62.0,9.0,
JimJamieJames,1,27.0,3.0,
JimmyCarrsTaxForms,3,146.0,10.0,
JimmyJam444,4,46.5,1.0,
JiralhanaeWhisperer,1,88.0,2.0,
JoeFarma,2,45.0,4.0,
JoeM3120,1,86.0,6.0,
Joeman180,7,45.0,3.0,
JohnCalvinCoolidge,1,4.0,13.0,
JohnHenryEden2277,1,22.0,1.0,
JohnnyAppIeseed,4,228.5,2.0,
JohnnyT723,1,31.0,1.0,
Johnnycockseed,1,72.0,3.0,3.0
Jomibu,1,26.0,5.0,
JonSnowKingInTheNorf,2,119.5,4.5,
Jor1509426,1,73.0,10.0,
Jordanwolf98,6,137.0,10.0,
JoshFreemansFro,1,54.0,10.0,
JoshuaMan024,7,63.0,3.0,
Jph3nom,2,55.5,9.5,
Jpkun,1,50.0,11.0,
Jrobs62,1,217.0,3.0,
Jscott1423,1,98.0,1.0,
JubalaJubaloJubalum,1,20.0,2.0,
JudgmentMiserable227,3,153.0,9.0,
Julian_Porthos,4,116.5,24.5,
JuliusPepperfield,3,89.0,6.0,
Just-Plain-Dan,1,27.0,17.0,
JustASeabass,1,28.0,6.0,
JustDunIt42,6,67.0,6.5,
JustReddit23,1,37.0,2.0,
Justherefortrivia,1,32.0,1.0,
JusticeFrankMurphy,2,115.5,5.0,
JustinTime4242,3,34.0,1.0,
Jvwoomy_Died,1,5.0,12.0,
Jwell0517,1,33.0,8.0,
KHornet21,1,44.0,393.0,1.0
KTurnUp,7,88.0,4.0,
KU_SD,1,11.0,1575.0,
Kadalis,1,41.0,1.0,
KahFean,1,60.0,6.0,
KairoFan,2,38.0,62.0,
Kamikaze_Commie,2,144.5,329.0,
Kdot32,1,46.0,3.0,
KeThrowaweigh,9,124.0,8.0,
KefkaZ,5,65.0,5.0,
KeithClossOfficial,3,34.0,29.0,
Kel-Mitchell,2,121.5,1.5,
Kellz313,1,89.0,9.0,
KennyGfanLMAO,2,89.5,3.0,
KennySchraderWallace,1,43.0,5.0,
Kermrocks98,1,187.0,4.0,
KetchupKing05,2,28.5,146.5,
KevinOMalley,1,79.0,-3.0,
Kfred2,4,181.5,2.5,
KhaoticMess,1,123.0,12.0,
KiWiTRi123,1,12.0,2.0,
Kidfreedom50,5,127.0,22.0,
Kiexeo,1,112.0,11.0,
Kihr,1,10.0,2.0,
Kimber80,1,125.0,7.0,10.0
KingPotus,2,69.5,27.0,
Kingpine42069,1,25.0,1.0,
Kipa_Kipa,1,86.0,533.0,
KirbyDumber88,1,40.0,0.0,4.0
Kirby_Israel,2,78.0,1.5,1.0
KissmeElon,1,71.0,1639.0,
Kizmo2,1,20.0,2.0,
KleShreen,1,41.0,3.0,
KlejdiV,1,46.0,-8.0,
KlingoftheCastle,1,53.0,1.0,
KlueBat,4,60.5,5.5,
KnightofNi92,1,119.0,5.0,
Knoxicutioner,1,130.0,2.0,
KnoxvilleBuckeye,1,269.0,1.0,
Knucklebum,1,25.0,1.0,
Kobane,1,87.0,9.0,
Koreansteamer,1,36.0,1.0,
Krc2day,1,40.0,1.0,
Krondox,2,26.0,403.0,
Krunklock,1,39.0,24.0,
Kudos56,1,103.0,1.0,
L8erG8erz,1,36.0,1.0,3.0
LDWMJ99,1,9.0,1.0,
LOP5131,1,654.0,4.0,
LTJ17,1,31.0,19.0,
LaSopaSabrosa,7,100.0,7.0,
LaamansTerms,1,35.0,1.0,
LadyOfTheLakeMi,1,257.0,10.0,
LamarcusAldrige1234,1,51.0,4.0,35.0
LandLordLovin,1,8.0,1.0,
Landoman107,1,50.0,1.0,
LandosMustache,4,135.0,34.0,
LargeSmellyPoopy,2,38.0,516.0,
LarryGlue,1,60.0,8.0,
Larrymer,1,25.0,1.0,
LaszlosRightNut,1,172.0,3.0,
Latest-greatest,1,70.0,7.0,
Lawownsyou,12,47.0,4.0,
LeKuroiTraitor,1,11.0,1.0,
LeMeJustBeingAwesome,3,162.0,12.0,
LeakyNalgene,2,74.0,6.0,
LearnedHandLOL,1,10.0,21.0,
LeeRobbie,1,89.0,2.0,
Leezy810,1,51.0,1.0,
LeftHandShoeToo,2,131.5,-1.0,
LeftyMcSavage,1,91.0,2.0,
LegalizeDenseHousing,2,41.5,22.0,
LeisureSuitLaurie,1,32.0,4.0,
LemonHarangue,5,112.0,-4.0,
Lemurians,3,65.0,5.0,
Leraldoe,6,87.5,12.5,
Letsgomountaineers5,1,164.0,-1.0,
LilBoomer95,1,48.0,1.0,
LilacGooseberries,15,126.0,0.0,
LincolnRileysBurner,1,20.0,1.0,
Lineman72T,1,357.0,1.0,
LionTigerWings,1,52.0,5.0,
LiptonCB,1,61.0,1.0,
Lirvan,1,23.0,6.0,
LiteratureComplete13,1,79.0,13.0,
Littleunit69,1,57.0,23.0,
Live-Molasses,2,187.0,1.5,
LiveFastDahyun,4,89.5,9.0,
Livid-Yoghurt9483,1,73.0,6.0,
LivingFortune,1,64.0,1.0,
LloydChristmas89,3,72.0,5.0,
LoCicero,2,441.0,43.0,
LobbyBoyZero,1,37.0,-17.0,
Lochstar,1,608.0,3.0,
LocoMotives-ms,2,14.0,27.5,
Loki240SX,2,40.0,16.0,
LoneStarDawg,1,29.0,1.0,
Lonetrek,1,109.0,2.0,
LongTiger5868,10,116.0,1.0,
LongtimeLurkersacc,1,19.0,1.0,
LoonWhisperer,1,60.0,1.0,
LoopholeTravel,2,53.5,1.5,
LordCider,1,49.0,9.0,
LordHyperBowser,5,80.0,34.0,
Lord_Grumbo,1,14.0,2.0,
Lord_Lava_Nugget,2,21.5,12.0,
LordofLakeMichigan,1,21.0,6.0,
Lost-Pineapple9791,1,217.0,11.0,
LostClan,1,43.0,10.0,
Lstark5642,1,52.0,1.0,
Lubed_Up_leprechaun,1,81.0,1.0,
LukeKennardMVP,1,37.0,60.0,
Lukey_Boyo,1,16.0,4.0,
Lukey_Jangs,1,59.0,116.0,
Lunapig27,1,48.0,2.0,
LurksOften,1,64.0,1.0,
Lykeuhfox,36,36.0,7.0,
M27fiscojr,1,34.0,1.0,
MATEeA,4,45.0,1.0,
MCHammer06,2,31.5,9.0,
MD90__,54,78.0,1.0,
MDoc16,2,89.5,3.5,
MGoForgotMyKeys,1,72.0,3.0,
MIDNIGHT_KNIGHT,1,134.0,1.0,
MIZ-Ery,1,12.0,1.0,
MLG_BongHitz,23,142.0,5.0,
MLIAJ_44,1,71.0,9.0,
MNightShyamalan69,1,93.0,1.0,
MPH_makeup_and_music,1,74.0,1.0,
MWiatrak2077,10,72.5,28.5,
MaHuCS,1,65.0,2.0,
MabelUniverse,2,34.5,5.0,
MacheteRuxpin,1,91.0,2.0,
MadDog1981,1,84.0,23.0,
Madball73,3,117.0,5.0,
MagicalChemicalz,3,81.0,2.0,
MagnetsAreFun,1,14.0,3.0,
Mahaloth,7,102.0,1.0,
MahjongDaily,1,15.0,8.0,
MaizeAndBruin,7,100.0,10.0,
MaizeRage94,1,172.0,5.0,
Maize_n_Boom,5,23.0,3.0,
MajPayne21,1,156.0,18.0,
Majormlgnoob,1,23.0,22.0,
Mal_Funk_Shun,1,1.0,7.0,
Malkris7,1,67.0,2.0,
MammothSufficient601,1,48.0,3.0,
Manae,1,226.0,2.0,
Manthem,1,60.0,1.0,
Marasume,1,62.0,2.0,
Margin4Error,1,61.0,4.0,
MarinesEatGlue,1,36.0,1.0,
Marino4K,1,31.0,39.0,
Marioman775,1,76.0,10.0,
MarkingOut44,25,18.0,3.0,
Martel1234,1,36.0,30.0,
Martinis4ALL,7,63.0,-1.0,
MartyModus,1,70.0,2.0,
Mas790,1,4.0,3.0,
MaskedBandit77,3,178.0,19.0,
MassiveOutlaw,1,497.0,9.0,
Massive_Parsley_5000,1,25.0,3.0,
MasterTolkien,8,69.0,4.5,
MastodonThin9981,1,37.0,2.0,
MattBe1992,3,34.0,2.0,
MattTheSmithers,2,157.0,5.0,
Mattress666,1,9.0,4.0,
Mav_Rixx,1,51.0,1.0,
Maverick1091,3,60.0,27.0,
MaximusStirner,1,29.0,1.0,
Maybeinthelongrun,1,44.0,1.0,
McBoutros,1,207.0,2.0,
McLMark,1,200.0,1.0,
McMuffinManz,1,68.0,1.0,
McNultysHangover,1,26.0,2.0,
Mddcat04,1,16.0,1.0,
Medical-Principle-18,2,59.5,43.0,
MeeSheeGun,2,122.5,1.5,
MegatronsHammer,1,94.0,1.0,
Meiw,1,68.0,1.0,
Melkor1000,1,229.0,1.0,
Meme_Burner,3,148.0,1.0,
Memewalker,2,54.0,8.0,
MenShouldntHaveCats,2,20.0,11.5,
Mercury-Redstone,1,56.0,19.0,1.0
Merisiel,1,40.0,4.0,
MerlinManatee,1,55.0,2.0,
MethylBenzene,1,25.0,1.0,
MettaWorldWarTwo,1,37.0,2.0,
Mezmorizor,3,381.0,7.0,
MgoBlue1352,5,297.0,6.0,
Michigan029,4,184.0,1.5,
MichiganCubbie,2,52.0,35.0,
MichiganMafia,8,52.0,3.0,
MichiganMinuteman,3,26.0,17.0,
MichiganMitch108,2,36.5,14.0,
MichiganOverMSU,1,59.0,6.0,
MiddleRay,1,116.0,14.0,
Midlevelcreepkills,2,99.5,2.5,
Midwest-HVYIND-Guy,2,70.0,2.0,
MightyCaseyStruckOut,9,29.0,28.0,
MikeMacBlu,1,71.0,2.0,
MikeWhiskey,3,39.0,29.0,
Mike_Double_U,3,51.0,6.0,
Mikey_Mayhem,1,31.0,46.0,
MindfulAthlete,1,5.0,3.0,
MingeyMcCluster,1,33.0,1.0,
MinifiguringItOut,1,6.0,5.0,
MirageATrois024,1,84.0,3.0,
MisguidedPants8,1,31.0,1.0,
Misshaped_Paperclip,1,74.0,4.0,
Mississippi_Matt,1,58.0,-1.0,
MisterHyman,1,40.0,2.0,
MisterUnneccessary,1,24.0,1.0,
Molson2871,1,66.0,1.0,
Moltac,1,38.0,9.0,
Mono_831,1,52.0,4.0,
Monza1964,1,25.0,2.0,
MostSereneOfCamels,1,41.0,1.0,
Most_Dope_,1,43.0,40.0,
Mostly__Water,1,153.0,5.0,
Mountainman1111,2,14.0,1.5,
MovieFanZ5026,3,251.0,3.0,
Mpc45,1,282.0,48.0,
Mr-Snuggles171,2,71.5,2.5,
MrBBnumber9,3,29.0,4.0,
MrBakck,1,60.0,25.0,
MrBigWang420,1,160.0,899.0,
MrCFA,2,21.0,1.5,
MrClean_LemonScent,1,81.0,2.0,
MrCoachKleinSaidICan,1,22.0,4.0,
MrConceited,11,145.0,9.0,
MrDrProfesorPatrick,1,375.0,200.0,
MrEpicMustache,2,84.5,2.5,
MrHockeytown,3,69.0,3.0,
MrLeprechaun14,1,120.0,1.0,
MrLionOtterBearClown,1,77.0,12.0,
MrMegiddo,1,5.0,3.0,
MrSCR23,1,98.0,1.0,
MrTheSpork,1,7.0,243.0,2.0
Mrcincy,1,263.0,1.0,
MultiPass21,1,4.0,10.0,
MuppetHolocaust,1,70.0,12.0,
MyLifeIsABoondoggle,1,11.0,5.0,
MyNaymeIsOzymandias,2,26.5,2.5,
MyOneTaps,1,180.0,316.0,
MyYummyYumYum,1,79.0,5.0,
MylastAccountBroke,1,77.0,16.0,
N238,4,88.5,13.0,
NChesto,1,7.0,2.0,
NICHIJOU2411,1,45.0,6.0,
NILPonziScheme,2,116.5,2.0,1.0
NINFAN300,1,15.0,1.0,
NJ2WA,1,40.0,1.0,
NKCougar,1,95.0,1.0,
NOTtheBrem,1,55.0,6.0,
NS-13,13,61.0,3.0,
NaClMiner,2,40.0,31.5,
NaTek27,1,42.0,9.0,
NahChief,1,213.0,1.0,
Naive-Reference-9070,1,51.0,8.0,
NamingThingsSucks,2,405.0,8.0,
Napalm-mlapaN,1,31.0,13.0,
NarrowSubsidy,1,91.0,6.0,
NashvilleJM,1,48.0,4.0,
NathanDrake75,2,44.0,2.5,
NathanThrillion,1,282.0,31.0,
NatiAti513,1,308.0,2.0,
NattyKongo93,1,587.0,4.0,
Natureboy7939,2,15.5,3.5,
Naughty_Bagel,1,106.0,136.0,
NauvooMetro,1,81.0,0.0,
NavierWasStoked,1,63.0,6.0,
Nebraskadude,1,30.0,33.0,
NeedISayMore4,3,63.0,5.0,
NephewChaps,1,98.0,1.0,
NerdLord1837,1,126.0,62.0,
Nestormahkno19d,1,12.0,2.0,
NeverDieKris,2,144.5,2.0,
NewlyMintedLonghorn,2,114.5,4.5,
Nexus-9Replicant,1,47.0,1.0,
Niccio36,2,122.0,4.0,
NiceGiraffes,1,6.0,8.0,
NiceMarmot12,1,17.0,1.0,
NickMullensGayDad,3,44.0,2.0,
Nickppapagiorgio,1,94.0,3.0,
NinjaBaconLMC,1,174.0,2.0,
Nirvana-Rose,1,92.0,1.0,
NittanyOrange,1,30.0,1.0,
Njbrother,1,311.0,3586.0,
No-Upstairs-8145,1,146.0,3.0,
NoGoodDevGuy,1,10.0,1.0,
NoMorning6152,1,52.0,1.0,
No_Angle_8106,2,190.0,44.5,
No_Chardonney,3,64.0,60.0,
No_Detective_1139,1,22.0,1.0,
No_Poet_7244,4,103.5,8.0,
Noah__Webster,2,155.5,-4.5,
NobleSturgeon,1,11.0,3.0,
NoiseisLoud,1,25.0,1.0,
NoleFan723,1,97.0,6.0,
Nole_in_ATX,1,50.0,1.0,
Noleverine,1,7.0,3.0,
Not-original,1,11.0,9.0,
NotABot1235,1,39.0,8.0,
NotEvenJohn,1,4.0,8.0,
NotFlipkid,1,7.0,1.0,
NotGreg,1,98.0,10.0,
NotNeon,1,48.0,1.0,
NotRyanDaysBurner,1,48.0,1.0,
NotSoGreatFilter,1,47.0,6.0,
Not_High_Maintenance,1,90.0,1.0,
Not_So_Average_DrJoe,1,57.0,2.0,
Notcoded419,1,102.0,3.0,
Nov26-2011,1,45.0,16.0,
NovaXI,1,599.0,492.0,
Numerous-Bedroom-554,1,343.0,5.0,
Nutaholic,1,35.0,6.0,
Nwguy182,1,21.0,2.0,
O-Namazu,1,183.0,54.0,
OCK-K,1,9.0,1.0,
OG_Felwinter,1,38.0,2.0,
OJkindadidit,7,59.0,-2.0,
OSUfirebird18,1,92.0,3.0,
OakLegs,2,155.5,2.5,
Oblivionguard19,2,95.0,16.0,
ObsessedWithReps,1,14.0,1.0,
Octavian_202,3,69.0,1.0,
OdaDdaT,3,32.0,5.0,
Odd_Bike_5015,2,68.5,7.5,
OddsTipsAndPicks,27,140.0,5.0,
Oderint,1,279.0,19.0,
Odh_utexas,2,51.5,204.0,
OfficialHavik,3,29.0,1.0,
OhMy98,3,101.0,8.0,
OhhWowzers,1,12.0,2.0,
OhioBPRP,2,177.0,-13.5,
OhioBeans,1,62.0,-8.0,
OhioForever10,1,41.0,7.0,
Ok_Flounder59,1,50.0,0.0,
Ok_Program_3491,2,52.5,18.0,
Ok_Variation_3357,1,26.0,18.0,
OldDirtyMan,1,12.0,1.0,
OldResponsibility530,1,6.0,4.0,
OldVeterinarian9,3,122.0,6.0,
Old_Smrgol,2,395.5,19.0,
Old_kernel,3,51.0,3.0,
OleRockTheGoodAg,2,154.0,1405.0,
OmfgHaxx,1,153.0,5.0,
OnePride,3,14.0,1.0,
OneRougeRogue,1,206.0,11.0,
OneTimeForMe2,2,83.0,2.0,
OneWayorAnother11,1,98.0,2.0,
One_Reputation_1048,1,66.0,3.0,
OnetB,3,11.0,1.0,
Only-Platform-450,1,56.0,1.0,
OnlyPositiveVibes_,1,58.0,5.0,
Onlyfurrcomments,1,73.0,6.0,
OofIwishIwasSmall,4,228.5,2.0,
Opening-Surround-800,1,69.0,9.0,
OpportunityOk20,1,28.0,458.0,
Optimum_Havoc,1,12.0,1.0,
Orbital2,8,116.0,8.0,
Orion-Galileo,1,43.0,5.0,
OsmosisJoness,1,230.0,1.0,
Otherwise-Mango2732,1,109.0,43.0,
OuchLOLcom,1,43.0,2.0,
Our-Gardian-Angel,4,253.5,25.0,
OwBr2,1,53.0,1.0,
Own_Ad102,1,117.0,2.0,
Oysterpoint,1,144.0,-60.0,
P-ssword_is_taco,25,88.0,3.0,
PM_ME_RYE_BREAD,1,152.0,1.0,
PM_ME_YOUR_CATS_PAWS,2,59.5,1.5,
PPvsFC_,11,33.0,2.0,
PSUDolphins,1,35.0,12.0,
PSUHiker31,2,30.5,2.5,
PSUMediaPA,1,140.0,4.0,
PUfelix85,1,80.0,6.0,
PWGJacob,2,123.5,6.0,
Pacififlex,1,27.0,7.0,
Packhammer24,1,46.0,19.0,
PageOfLite,10,3.0,14.5,
PalOfKalEl,4,65.5,6.5,
PaleEngineering3400,1,20.0,5.0,
Palladium_Dawn,1,55.0,1.0,
Pants_de_Manassas,1,506.0,19.0,
Papa-Walrus,1,549.0,9.0,
PapiSurane,1,35.0,2.0,
ParisTexas7,1,148.0,112.0,
Particular_Nature,2,168.5,2.0,
Pasquch,1,491.0,-15.0,
Patelpb,3,48.0,24.0,
PatrickBateman1,1,42.0,1.0,
Patriotsfan710,1,61.0,1.0,
PaulMSURon,1,132.0,26.0,
PayYourRe2pects,2,9.5,14.5,
Peanut1645,2,7.0,1.0,
Peanut4michigan,17,298.0,2.0,
PeneiPenisini,6,43.0,23.0,
Penguin506,1,24.0,24.0,
PenguinDrinkingTea,1,19.0,3.0,
PerceptionSimilar528,2,454.0,-2.5,
Peria,1,48.0,8.0,
PersonMann12,1,34.0,1.0,
PersonalAmbassador,1,37.0,16.0,
PetSoundsofLiberty,1,41.0,5.0,
PeterSagansLaundry,2,41.0,2.5,
Peter_Jennings_Lungs,1,15.0,10.0,
PetersenIsMyDaddy,7,35.0,1.0,
PettyFlap,1,28.0,11.0,
PhantomsCV,1,9.0,239.0,
PhateX1337,1,20.0,19.0,
PhiloBlackCardinal,3,4.0,12.0,
PhitPhil,8,35.0,2.0,
Piano_Fingerbanger,1,102.0,3.0,10.0
PichieBear,1,85.0,1.0,
PigFarmer1,2,63.0,1.0,
Pillsy74,2,247.0,5.5,
PizzaChefJr,2,48.0,9.5,
PkKirby876,1,83.0,1.0,
Player72,3,80.0,5.0,
Please_PM_me_Uranus,1,34.0,2.0,1.0
PlugNickle69,1,21.0,1.0,
Poet_Hopeful,1,62.0,10.0,
PoetryUpInThisBitch,8,70.0,2.5,
Pogball_so_hard,10,149.0,8.5,
PopInACup,1,157.0,8.0,
Popedoyle,2,98.5,3.0,
Popple06,2,50.0,1.0,
PopulistMeat,1,17.0,7.0,
Port-a-John-Splooge,2,107.0,3.0,
Porter2455,1,15.0,1.0,
PostalDrummer1997,2,318.5,15.0,
PotRoastPotato,3,32.0,6.0,
Powerham,1,38.0,3.0,
Preme2,1,46.0,1.0,
Prestige_wrldwd2,1,122.0,2.0,
Prestigious-Track256,1,112.0,5.0,
PrestigiousAd5646,1,39.0,1.0,
PrestigiousShift3628,1,56.0,2.0,
PrettyStupidSo,6,157.0,3.5,
Pretty_Pretty_G00D,1,53.0,8.0,
PreviouslyRelevant,1,195.0,13.0,
Primary_Psychology95,1,110.0,0.0,
PrivateCorporation,1,9.0,4.0,
ProbablyJustArguing,1,105.0,-1.0,
ProfCedar,1,84.0,3.0,
ProfessionalQuit859,7,46.0,3.0,
Props05,1,26.0,10.0,
ProxInNYC,1,22.0,1.0,
Prudent_Extreme5372,2,43.0,85.5,
PshhhhhhhUnreal,1,80.0,7.0,
Psychological-Cold-5,2,71.5,8.0,
Psychological_Ad7610,1,59.0,1.0,
Puck_The_FoIice,1,25.0,-1.0,
PumpBuck,1,118.0,6.0,
PumperFark,4,11.0,3.0,
PumpkinSpiceButtholz,3,147.0,4.0,
PunkInDrublic4875,1,98.0,8.0,
Purples_A_Fruit,1,118.0,38.0,
Pyroblockx,1,118.0,1.0,
Qonas,4,21.5,4.5,
Quake1028,3,305.0,7.0,
QuebecQueefs,9,78.0,-4.0,
Quellman,1,33.0,3.0,
Quicksplice,2,49.5,1.5,
QuickyQuack23,1,39.0,6.0,
Quikstar,1,196.0,2.0,
QuixPro,1,26.0,3.0,
R0kyr,1,14.0,18.0,
R1pNa,1,13.0,2.0,
R78692,1,66.0,21.0,
RANCID21,1,66.0,12.0,
RCM88x,3,71.0,9.0,
RLLRRR,1,13.0,21.0,
ROShipman21,1,26.0,1.0,
RPBTinesIII,1,16.0,1.0,
RT3_12,3,147.0,8.0,1.0
RVOSU50,1,230.0,-13.0,
Rab0811,1,127.0,2.0,
RabidWolverine2021,10,65.5,2.0,
RageCageJables,1,176.0,18.0,
RainbowYaz,1,91.0,6.0,
Rajaden,1,381.0,1.0,
RaleighAccTax,4,29.0,4.5,
Ralphie_V,1,11.0,10.0,
Rampant16,3,297.0,12.0,
RapGamePterodactyl,1,71.0,1.0,
RaptorsNewAlpha,1,28.0,1.0,
RaptureRocker,2,14.5,2.5,
Rareityindex,1,30.0,1.0,
Raughdri,1,74.0,6.0,
Rbespinosa13,2,54.0,15.0,
Reagyn,2,29.5,8.0,
Real_TSwany,1,41.0,44.0,1.0
RebeccaBlackOps,2,161.0,452.0,
RecoveringBulimic,1,530.0,1.0,
RedHotDogsForMe,1,87.0,5.0,
RedSkylight97,1,101.0,206.0,
RedTeamGo_,5,107.0,2.0,
Red_Centauri,13,71.0,9.0,
Reddoliday,1,61.0,17.0,
Redoran_simp,9,21.0,5.0,
Reefy13,1,129.0,1.0,
RelevantIAm,1,7.0,11.0,
RemainingAnonymoose,1,96.0,1.0,
RembrMe,1,37.0,12.0,
RemembertheAlamo99,1,129.0,41.0,
RemindMeBot,1,1360.0,1.0,
RepealMCAandDTA,1,15.0,0.0,
Repulsive-Office-796,1,178.0,8.0,
ResourcefulDisaster,1,42.0,1.0,
Resplendent_Doughnut,6,50.0,5.5,
Revenge_of_the_Khaki,1,407.0,21.0,
Riekk,3,49.0,4.0,
Riggnaros,1,197.0,1.0,
Righteousrob1,1,52.0,2.0,
Riperian,1,198.0,1.0,
Risenzealot,1,201.0,2.0,
RiskAssessor,1,135.0,2.0,
RiskPlays,1,61.0,234.0,
Risley,4,8.0,6.0,
Rmccarton,3,59.0,2.0,
Rndmblkmn,1,92.0,3.0,
RoaringGorilla,1,92.0,1.0,
Roastings,2,257.5,10.0,
RobinU2,2,53.5,60.5,
RobotFace,1,108.0,7.0,
RobotUnicornZombie,1,35.0,7.0,
Robotemist,7,138.0,1.0,
Roboticide,2,110.0,51.0,
RockerElvis,5,35.0,10.0,
RocketSurgeon22,10,99.5,-1.0,
Rockface5,3,39.0,5.0,
Rohkey,9,70.0,5.0,1.0
RoleModelFailure,1,50.0,23.0,
RollWarTideEagle,1,61.0,1932.0,
Roman-Mania,3,30.0,3.0,
Rooster84,1,158.0,8.0,
Roscoe_Filburn,2,49.5,4.5,
Roshidisciple,1,13.0,2.0,
Rra2323,1,98.0,2.0,
RubesSnark,1,22.0,2.0,
Rubrumaurin,2,36.0,9.0,
Runhier,2,97.0,3.0,
RunningEncyclopedia,1,65.0,59.0,
RusticMacaque,1,69.0,1.0,
RustyKangaroo7,1,72.0,1.0,
RyanBDawg,1,122.0,7.0,
Ryan_Day_Man,1,49.0,1.0,
Ryanlester5789,14,53.5,3.0,
Ryft26,1,14.0,1.0,
Ryry77,3,185.0,4.0,
S0noPritch,1,56.0,8.0,
S4Baumer,2,49.0,326.5,
S4L7Y,1,77.0,5.0,
SCWarriors44,1,346.0,-17.0,
SEND_ME_YOUR_CAULK,7,39.0,12.0,
SJVolFan,1,39.0,57.0,
SPHC20,1,66.0,6.0,
SSBBardock,1,63.0,15.0,
SSGSEVIER54,1,24.0,5.0,
SSj_CODii,1,59.0,1.0,
Salomon3068,1,51.0,35.0,
Salt-Fun-9457,1,33.0,1.0,
Salty_Dornishman,1,62.0,13.0,
SamCarter_SGC,1,111.0,1.0,
Sam_Seaborne,1,104.0,-6.0,
Samboni40,1,20.0,7.0,
SantiagoRamon,4,54.0,9.0,
SapCPark,1,28.0,7.0,
Satans-Dirty-Hoe,1,126.0,-1.0,
Satchbb,1,7.0,1.0,
SatiricalTree-,1,85.0,3.0,
Sauerz,1,71.0,7.0,5.0
SavageNomad6,1,43.0,29.0,
SaxRohmer,1,214.0,6.0,
SaylorBear,1,30.0,53.0,
SbMSU,1,39.0,13.0,
Scarlet__Highlander,1,10.0,2.0,
SchpartyOn,1,48.0,32.0,
ScissorMeTimbers69,1,12.0,3.0,
ScoPham,1,74.0,4.0,
Scooty_Puff_Sr,1,60.0,1.0,
ScottPilgramsTits,1,38.0,1.0,
Scranton_Stranglers,1,19.0,-2.0,
ScratchyCow,1,16.0,-22.0,
Scyhaz,5,31.0,27.0,
Seahawkanon,1,26.0,4.0,
Season01um,8,49.0,5.5,
SeasonalRot,1,49.0,11.0,
SecretComposer,1,47.0,9.0,1.0
SeekerSpock32,10,94.0,5.5,
Seeking-Something-,1,14.0,1.0,
Segat1133,1,465.0,3.0,
SeinfeldMatt,3,11.0,2.0,
Senditduud,1,65.0,9.0,
Senseisntsocommon,2,84.0,14.0,
SensualTyrannosaurus,1,20.0,2.0,
SentientShamrock,1,65.0,10.0,
SerBiffyClegane,4,86.5,12.0,
Serial-Eater,12,95.0,10.5,
Sfreeman1,1,21.0,1.0,
Sgt_Ripjaw,1,95.0,1.0,
ShadowMoses05,2,40.0,-0.5,
ShadowWalter,1,210.0,2.0,
Shaller13,12,36.5,2.0,
ShamrockAPD,5,188.0,14.0,
ShaneTrane14,1,34.0,1.0,
Shardik_BearKiller,1,19.0,-4.0,
Sharks9,3,48.0,3.0,
SharpDome,1,13.0,302.0,
SharpMind94,2,83.0,0.5,
Shellshock1122,1,61.0,2.0,
Shepboyardee12,1,38.0,11.0,
Shirley-Eugest,1,66.0,5.0,
ShitshowJoe_,1,343.0,3.0,
Shoddy_Meal_9445,1,124.0,7.0,
Shoogie45,1,53.0,8.0,
ShowMeYourVeggies,1,28.0,2.0,
ShowdownValue,2,14.0,98.0,
Shu_Revan,2,76.5,-26.0,
Shurglife,1,83.0,17.0,
Sick0h,1,9.0,1.0,
Side_of_Eggs,1,14.0,13.0,
Sillion,1,68.0,13.0,
SilverPhoxx,1,67.0,11.0,
SilveryDeath,1,291.0,1.0,
SimManiac,1,299.0,293.0,
Similar-Document9690,2,45.0,349.5,
Simulation-Central,2,191.5,10.0,
SioneForPrez,2,56.5,21.5,
SirBenOfAsgard,1,29.0,1.0,
SirVanderhoot,2,46.5,13.5,
Sir_Charles_Woodson,2,113.5,74.0,
Sir_Fusion,1,24.0,1.0,
SituationSoap,4,84.0,8.0,
Skared89,1,58.0,6.0,
SkepticalGerm,1,98.0,3.0,
SkiFlashing,1,125.0,1.0,
Skidda24,1,216.0,1.0,
Skipinator,6,55.0,6.0,
SkrtSkrt70,2,71.5,3.5,
Skunk_Gunk,2,63.5,2.0,
SlimStebow,1,202.0,1.0,
Slimpickle97,1,29.0,1.0,
Slowmexicano,1,36.0,19.0,
Slurmking13,1,28.0,1.0,
SmarterThanMyBoss,3,99.0,1.0,
SmellySlutSocket,2,28.5,20.5,
Smidgens,3,59.0,4.0,
Smile389,3,48.0,5.0,
SmilingFallacy,1,417.0,28.0,
Smirk_Mcjerk,1,12.0,1.0,
Smithereens1,2,200.5,15.0,
SnakePlissken_34,1,79.0,229.0,
SnepbeckSweg,10,104.5,4.5,
Sniper_Brosef,1,65.0,5.0,
SnoaH_,3,42.0,59.0,
SnooBooks8807,2,30.0,3.5,
SnooCats1897,1,101.0,8.0,
SnooPies7174,1,16.0,1.0,
Snowdog1997,1,7.0,1.0,
SnthonyAtark,4,53.5,3.5,
SoftPillow501,1,2.0,9.0,
Solid_Conference2905,6,46.0,4.0,
Solo_Wing__Pixy,7,60.0,6.0,
Somali-Pirate-Lvl100,1,35.0,5.0,
Some-Gavin,1,226.0,4.0,
SomeDude2834,5,56.0,1.0,
Some_Stoned_Dude,2,88.5,3.5,
Sometimesiski,1,26.0,2.0,
Somtompolis,3,89.0,3.0,
Sorge74,4,80.0,10.0,
Sorry4TheLurk,2,26.0,1.5,
SourceLover,1,116.0,-20.0,
Southern_Economy3467,5,73.0,12.0,
Sp33dlimit25,1,96.0,4054.0,
SpaznPenguin,1,80.0,5.0,
Spear994,2,249.5,20.5,
SpecialistNo3594,2,29.0,2.0,
Specific_Iron1806,1,59.0,2.0,
SpeedBoatSquirrel,3,29.0,1.0,
SpencerRattler,2,49.5,2.0,
SpiritBamba,2,158.5,9.5,
SpiritOfDearborn,9,135.0,1.0,
Spirited-Collar-7960,2,113.5,2.5,
Splooge_Wizard,2,78.0,8.5,
SportsRadio,1,193.0,38.0,
SquadPoopy,3,92.0,40.0,
SqueakyNova,1,39.0,-16.0,
Srcunch,1,124.0,1.0,
Sspalding91,1,40.0,4.0,
StamosAndFriends,3,116.0,13.0,
StanderdStaples,1,66.0,2.0,
StarsCowboysMavs,1,75.0,29.0,
SteelBagel,1,23.0,4.0,
Steelerboy43,2,125.5,115.0,
Stephs_mouthpiece,4,34.0,7.0,
SterileCarrot,1,277.0,22.0,
StevesHair1212,1,648.0,16.0,
Stevio51,1,13.0,2.0,
Stipes_Blue_Makeup,1,23.0,7.0,
Stockz,4,235.5,8.0,
StoneCrow8,1,163.0,2.0,
Stoneador,1,74.0,20.0,1.0
Stonevulture,1,520.0,5.0,
StrangelyOnPoint,1,200.0,3.0,
StrengthMedium,3,28.0,2.0,
StrudelB,7,70.0,7.0,
Stumpsville0,1,35.0,4.0,
Stupid_Triangles,1,39.0,3.0,
SturmgeistX,3,28.0,1.0,
Successful_Side_2415,1,25.0,3.0,
Sufficient_Memory_24,17,126.0,2.0,
Sufficient_Sport_852,1,84.0,-1.0,
SugarAdamAli,1,128.0,2.0,
Suitable_Challenge_9,1,65.0,12.0,
Sullypants1,1,17.0,5.0,
Summertooth,5,69.0,8.0,
Suncate,1,92.0,1.0,
SuperCysm04,2,27.0,10.0,
SuperSocrates,2,97.0,194.0,
Super_Goomba64,1,24.0,1.0,
SurpriseMinimum3121,1,6.0,2.0,
Suruga-Kanbaru-,1,41.0,46.0,
Swantonbombthreat,1,75.0,1.0,
Swazi,1,101.0,3.0,
SweetToothFairy,11,33.0,13.0,
Sword0fDam0cles,2,185.0,5.5,
Sword502,1,130.0,-5.0,
Symyn,1,77.0,4.0,
Systemic_Chaos,1,102.0,4.0,
SzurkeEg,1,36.0,1.0,
T-ROY_T-REDDIT,2,129.5,-1.0,
TBTrpt3,1,140.0,2436.0,
THEGATORMAN13,1,39.0,3.0,
THEYCANTHAVEMYBRAND,1,92.0,1.0,
TMPRKO,6,65.5,4.0,
TRIKYNIKKY,2,46.5,9.0,
TTBurger88,1,55.0,1.0,
TTP8630,1,41.0,2.0,
T_Sinclair21,3,41.0,1.0,
T_SugA,4,107.0,7.5,
TacticalDesire,8,78.0,4.5,
TalkingSarcastically,1,32.0,5.0,
TallManStan,2,61.0,23.0,
Tarlcabot18,1,101.0,1.0,1.0
TaruLeri,1,21.0,8.0,
Taskonbury,4,27.0,24.0,
TastyDonutHD,1,40.0,3.0,
TbonelegendS2H,1,58.0,1.0,
TeamDonnelly,3,54.0,1.0,
TeddysBigStick,1,42.0,1.0,
TeddysRevenge,1,55.0,959.0,
Temporary_Inner,2,69.0,6.5,
TentaC001,1,40.0,1.0,
TerminalShitbag,2,71.0,7.0,
Terminal_Flatulence,1,28.0,1.0,
TerrenceJesus8,1,26.0,48.0,
Terrible_W0rld,1,174.0,25.0,
Tetsudo11,1,20.0,3.0,
Tew_Sweet,1,80.0,42.0,
ThatOneRunner,1,62.0,15.0,
ThatTyedyeNarwhal,1,37.0,1.0,
ThatguyJimmy117,1,126.0,1.0,
Thatroyalkitty,5,15.0,2.0,
ThatsNotMyWalletBB,1,94.0,9.0,
The1000BadLightbulbs,1,85.0,1.0,
The14thChakra,1,43.0,1.0,
TheAlmightyAsian,1,13.0,1.0,
TheBaconDrinker,1,68.0,27.0,
TheBasilFawlty,1,129.0,3.0,
TheBereWolf,1,223.0,9.0,
TheBigBo-Peep,1,23.0,2.0,
TheBlueOx,1,74.0,2.0,
TheButtsNutts,1,52.0,20.0,
TheCableGod,1,35.0,2.0,
TheClownDances,1,145.0,1.0,
TheConeyJabroni,6,62.0,1.0,
TheCrimson_King,1,70.0,8.0,
TheDJC,1,348.0,1.0,
TheDadThatGrills,2,71.5,1.5,
TheDarkSkinProphet,2,70.5,5.0,
TheDeadPenguin,1,341.0,9.0,
TheDestinedRonin17,1,99.0,1.0,
TheDevilsQi,4,114.0,1.5,
TheDoors7821,4,75.5,11.0,
TheDrunkenWhatever,1,18.0,110.0,
TheErnestShackleton,2,323.5,-0.5,
TheGookieMonster,1,21.0,215.0,
TheGreatLandRun,1,68.0,1.0,
TheHalf,2,53.0,40.5,
TheHater111,1,78.0,36.0,
TheIrishMan1211,20,181.5,7.0,
TheIrishWolverine,1,18.0,1.0,
TheKneesOfRG3,1,5.0,11.0,
TheLaFlameEffect,1,24.0,1.0,
TheLegendsClub,2,52.0,3.5,
TheLiberalTechnocrat,2,46.0,8.5,
TheMadChatta,1,60.0,190.0,
TheMajesticYeti,1,495.0,17.0,
TheMcWhopper,1,17.0,2.0,
TheMichiganPurchase,1,59.0,2.0,
TheMulattoMaker,5,56.0,1.0,
TheNaskgul,1,581.0,3.0,
TheNewDiogenes,2,143.0,244.0,
TheNextBattalion,1,50.0,1.0,
TheNineteenthDoctor,4,56.5,66.0,
TheNittanyLionKing,2,102.0,18.0,
TheOriginalZywinzi,1,81.0,3.0,
ThePhantom1994,1,9.0,5.0,
ThePrestigeVIII,2,39.5,-1.0,
TheRealEvanHale,1,48.0,6.0,
TheRealLifePotato,1,6.0,4.0,
TheSenate69,1,4.0,1.0,
TheSilverShroud49,1,110.0,3.0,
TheSpacePopeIX,1,84.0,13.0,
TheStuffisLegal,2,64.0,591.5,
TheTaazi,1,8.0,1.0,
TheTeralynx,1,11.0,3.0,
TheWorstYear,1,273.0,1.0,
TheXyloGuy,1,56.0,1.0,
TheYokedYeti,2,26.0,30.5,
The_Astros_Cheated,1,25.0,2.0,2.0
The_Coy_Koi,1,9.0,17.0,
The_Donny_Lebowski,2,167.5,6.0,
The_Ghost_of_TK9,4,188.5,2.5,
The_Good_Constable,2,292.0,23.0,
The_Hartford_Whalers,1,54.0,1.0,1.0
The_Homie_J,16,61.5,43.0,
The_Horse_Joke,6,58.5,2.5,
The_Last_Nephilim,2,61.0,536.5,
The_Palm_of_Vecna,2,244.5,5.5,
The_Pandalorian,5,33.0,14.0,
The_Wata_Boy,4,172.0,1.5,
The_real_John_Elton,1,37.0,24.0,
Thebaconmaniam,1,23.0,3.0,
Thereal_slj,1,36.0,8.0,
ThermosbyThermas,7,52.0,2.0,
ThinkSoftware,4,43.0,7.0,
ThisIsOurGoodTimes,1,170.0,5.0,
Thisisfckngstupid,8,183.5,1.5,
Thrawn4191,1,10.0,2.0,
ThreeLeggedMarmot,3,97.0,6.0,
Throwaway10123456,1,113.0,22.0,
Throwawayuntil2030,1,133.0,1.0,
ThugCity,1,86.0,41.0,
Thugzz_Bunny,1,39.0,2.0,
Thundergun_Express4,1,301.0,8.0,
Thunderpuss_5000,1,196.0,2.0,
ThurstonFeelsgood,4,200.0,7.0,
Tiberiusjesus,2,99.0,18.0,
TigerBasket,12,17.5,81.0,
Tilden_Katz_,1,48.0,19.0,
TimTom8921,1,170.0,2.0,
TimeFourChanges,7,60.0,7.0,
Time_Initiative_7998,2,142.0,18.0,
TitoTapatio,1,20.0,1.0,
Titronnica,1,59.0,7.0,
TizzleBizzle2627,1,32.0,1.0,
Tkinzel517,2,38.0,545.0,
ToLongDR,2,132.0,1.5,
ToNeptune,1,155.0,1.0,
Toast1185,2,126.5,20.5,
Todd-The-Godd-Howard,1,29.0,3.0,
Tolin_Dorden,2,58.0,-0.5,
Tommybrady20,1,524.0,3.0,
TonYouHearWhatISaid,1,99.0,2.0,
TonyBeverage333,1,73.0,2.0,
ToonamiNights,2,338.0,3.0,
TopHatTony11,3,23.0,33.0,
Toru_Yano_Wins,1,19.0,1.0,
Total-Wolverine1999,1,669.0,2.0,
Total_Information_65,1,227.0,9.0,
TotallyhumanIswear,5,59.0,6.0,
TotesMcGotes13,1,45.0,71.0,
Tough-Click-4179,1,427.0,7.0,
ToxicAdamm,5,95.0,6.0,
Traditional-Goat1773,2,15.5,8.5,
TrashGamer_,1,46.0,67.0,
Traulinger,2,83.5,82.0,
Traveledman,1,123.0,5.0,
Treeman1216,1,6.0,22.0,
TrelvisFesley,2,32.5,1.0,
TrentDen,1,164.0,40.0,
TrespassersWilliam29,4,37.5,4.0,
TriStarRaider,1,148.0,40.0,
TrojanMan35T,1,60.0,1.0,1.0
TrustMe1mAnEngineer,1,219.0,2.0,
Try2Relate2AllSides,1,43.0,3.0,
Trymv1,1,37.0,2.0,
TuckyMule,8,73.0,1.0,
TumblingForward,1,74.0,1.0,
Turbulent-Cabinet400,1,336.0,1.0,
Turhsus,1,54.0,4.0,
Turkeytom40,2,83.5,6.0,
TurnUptheDiscord,1,68.0,2.0,
TwentyOneGigawatts,1,101.0,1.0,
TwilightSolitude,1,116.0,5.0,
TwixOutForHarambe,2,42.5,15.0,
TylerDurden0110,1,40.0,2.0,
Tylertc13,1,23.0,1.0,
UGAPokerBrat99,5,74.0,3.0,
UMKvothe,1,34.0,46.0,
UMeister,2,56.5,-0.5,
UNC_Samurai,1,61.0,1.0,
UPMichigan83,3,48.0,2.0,
USCGradtoMEMPHIS,2,144.5,1.0,
USSanon,1,84.0,5.0,
Ucgrady,1,93.0,3.0,
Ulticats,1,41.0,40.0,
UmichAgnos,1,5.0,6.0,
Umutuku,1,61.0,1.0,
UnanimousTryst,1,237.0,413.0,
UncleCowboy84,2,26.5,7.0,
Underpaid_lemon,1,27.0,2.0,
Understeerenthusiast,2,171.0,2.0,
Undertalefanboy43,1,61.0,2.0,
Unitast513,23,56.0,23.0,
UnlikeSpike,12,92.0,5.5,
UpDog424,11,48.0,4.0,
Upper_Deck_SW_Corner,1,22.0,7.0,
Upset-Slide-6195,4,47.5,2.0,
Useenthebutcher,2,172.0,0.5,
VRomero32,1,124.0,2.0,
VT_Forever,1,53.0,5.0,
Valiant_Watchguard67,1,36.0,2.0,
ValuableWhile6179,3,50.0,9.0,
Vast-Treat-9677,2,69.0,17.5,
Vast_Breadfruit_162,2,126.5,18.5,
Vast_Part_7982,2,111.5,12.5,
Vbogdanovic,2,20.5,1.5,
Vbpretend,2,30.5,2.5,
Vedeynevin,4,35.0,1.5,
Velociman,6,211.0,6.5,
Vepr762X54R,1,8.0,35.0,
Verification_Account,4,92.0,2.0,
VibeComplex,13,114.0,2.0,
Victor38220,2,86.0,1.0,
VinLeesel,1,162.0,42.0,
VisiblePepper1051,1,55.0,2.0,
Vision68,1,34.0,1.0,
VitaminPb,2,80.5,44.0,
Vloff,2,89.5,12.0,
VolsBackMaybeNo,1,4.0,24.0,
Vxmonarkxv,1,25.0,6.0,
WBLwiffleball,1,96.0,8.0,
WITBchampion,1,54.0,1.0,
WLVTrojanMan,1,243.0,7.0,
WMU1245,1,59.0,1.0,
WSB_Reject_0609,2,176.0,3.0,
WaddlesMcGruff,12,95.0,4.5,
WaffleKing110,7,118.0,2.0,
Waffle_Muffins,1,27.0,3.0,
WafflesTheWookiee,2,24.0,12.5,
Wafzig,3,77.0,11.0,
Wagnerous,4,22.0,2.0,
WakaFlacco,1,7.0,2.0,
Wakattack00,3,60.0,3.0,
WalkerDontRunner,4,210.5,14.0,
WalkingOnSunshine_,3,60.0,6.0,
WalksWithKemba,2,9.5,1016.5,
WalleyeChop,1,26.0,1.0,
Wally450,1,27.0,23.0,
WaluigiIsTheRealHero,12,80.5,12.0,
WampaStompa33,6,54.5,7.5,
Wampus_Cat_,5,40.0,7.0,
WanderLeft,1,65.0,1.0,
Wapook,1,85.0,23.0,1.0
Warhorse_99,2,82.5,1.0,
Warlight4Fun,1,103.0,6.0,
Warrior2014,4,80.0,3.0,
WasatchSLC,1,15.0,3.0,
WeAreSC36,1,79.0,1.0,
WePrezidentNow,1,84.0,5.0,
Weareallaroundgaming,1,55.0,7.0,
Wedjatwhat,1,47.0,13.0,
WellWellWell_WDWHH,1,51.0,2.0,
WerhmatsWormhat,1,85.0,23.0,
WestCoastToGoldCoast,1,193.0,5.0,
Wetworth,1,7.0,8.0,
WhatASave456,6,67.5,14.0,
WhatTheDuck21,1,94.0,1.0,
WheatonsGonnaScore,1,20.0,5.0,1.0
WhiteRhino91,1,40.0,47.0,
White_Knights,2,46.0,4.0,
Whoopdatwester,1,9.0,1.0,
WhyAreYouGey,7,49.0,13.0,
Whyspire,1,31.0,2.0,
Wicked55Chevy,1,39.0,3.0,
Wide-Depth-1748,5,292.0,2.0,
Wigeon1,1,45.0,3.0,
WildBrooks,1,93.0,2.0,
WildcatKid,1,56.0,1.0,
WillardMcBane,1,64.0,2.0,
Willing_Vanilla_6260,4,53.0,1.5,
Willy_Wallace,3,245.0,4.0,
WingmanJ,2,54.5,3.0,
WisconsinSpermCheese,1,68.0,139.0,
Witty-Jellyfish1218,1,90.0,10.0,
Wolf482,2,89.5,2.5,
Wolf73728,1,116.0,1.0,
Wolfgang713,5,86.0,41.0,
WolvWild,1,107.0,1170.0,
WolverineDDS,1,36.0,3.0,
Wont_reply69,1,323.0,1.0,
WookieeSteakIsChewie,1,79.0,390.0,
Woolmarket213,3,110.0,6.0,
WoozyMaple,3,39.0,12.0,
Wordlush,1,38.0,2.0,
WorkOnThesisInstead,6,64.0,2.5,
Worlds-Largest-Sloth,1,24.0,1.0,
WoundedSacrifice,1,36.0,18.0,
Wrong-Cellist-2978,1,52.0,1.0,
Wrong_Barnacle8933,1,31.0,6.0,
WubaDubImANub,4,55.5,1.5,
X-XX-XIX,1,39.0,3.0,
Xanzibarisland,1,94.0,6.0,
Xavdidtheshadow,1,153.0,1.0,
Xaxziminrax,6,97.0,47.0,
Xeneron,1,332.0,42.0,
XenlaMM9,2,109.5,-1.5,
Xhalo,1,43.0,-16.0,
XiscoCisco,1,29.0,8.0,
XmarkstheNOLA,4,132.5,7.0,
Xrt3,1,19.0,2.0,
XulJazz,2,3.0,1.0,
Xy13,1,58.0,1.0,
YCitizenSnipsY,3,39.0,11.0,
YaBoiHippy-J,1,146.0,23.0,
Ye-Olde-Squire,1,62.0,1.0,
YoUDee,1,34.0,11.0,
Yordle_Dragon,1,442.0,1.0,
YorekVarsen,1,288.0,2.0,
YouKilledChurch,2,52.0,-2.5,
You_sure_bout_thatsY,3,31.0,1.0,
YoungerMucus,1,35.0,68.0,
YourButtMyStuff,8,174.5,4.0,
Your_Moms_Cousin,2,34.5,29.0,
YumTex,1,212.0,7.0,
Yung_Corneliois,1,40.0,39.0,
Z-Ro14,1,51.0,6.0,
ZP_20,1,6.0,3.0,
ZSnapsand8Claps,3,29.0,9.0,
Zee_WeeWee,2,50.0,15.5,
ZeldaFanBoi1988,5,42.0,1.0,1.0
Zerba,2,24.5,16.5,
ZerynAcay,1,52.0,1.0,
Zestiest46,11,75.0,6.0,
Zestyclose_Row_9783,2,45.0,-2.5,
Zizekbro,1,38.0,5.0,
Zloggt,2,58.0,63.5,
ZogZorcher,2,41.5,6.0,
ZombieMoonlight,5,21.0,2.0,
ZookeepergameEast919,3,40.0,6.0,
_Destram,3,50.0,3.0,
_Reporting,1,93.0,66.0,
_RocketGrunt_,1,11.0,2.0,
_Shoresy_69,3,143.0,12.0,
_TURbo,1,85.0,1.0,
_Tacitus_Kilgore_,1,65.0,-2.0,
_Tactleneck_,3,9.0,1.0,
_Vato_,1,9.0,4.0,
_Velvet_Thunder_,1,197.0,3.0,
_Vita_,1,58.0,4.0,
_Wocket_,1,256.0,16.0,
__Big_Hat_Logan__,18,110.5,3.0,
__Zoom123__,1,150.0,1.0,
__removed__,1,397.0,25.0,
_fastball,2,44.0,15.5,
_im_nobody_,1,85.0,17.0,
_laoc00n_,1,413.0,2.0,
_theRagingMage,1,34.0,16.0,
_token_black,30,127.0,3.0,
_twokoolfourskool_,1,58.0,5.0,
a2boo,2,72.0,6.5,
a_cat_named_curious,1,82.0,1.0,
a_qualified_expert,6,46.5,3.0,
a_taco_named_desire,1,32.0,1.0,
abhijitd,1,50.0,2.0,
about_60_Hobos,1,39.0,7.0,
absolute_yote,5,29.0,3.0,
acekingoffsuit,1,82.0,8.0,
ackbarzfish,1,122.0,1.0,
actualsizebutsmaller,1,85.0,1.0,
acu2005,7,110.0,14.0,
ad51603,3,53.0,6.0,1.0
admiraltarkin,1,4.0,11.0,2.0
adrenah,2,83.0,16.0,
aeroazure,1,37.0,1.0,
after12delight,4,41.0,19.0,
agsimp_,2,73.5,255.5,
aimiami,1,45.0,1.0,
airquotesNotAtWork,1,10.0,3.0,
akamandanr,1,62.0,1.0,
akatherder,1,42.0,3.0,
albertez,1,73.0,2.0,
albic7,2,52.5,4.0,
alexandR33,1,85.0,2.0,
alias241,2,145.5,5.5,
all2neat,2,21.5,1.0,
allknowerofknowing,3,47.0,34.0,
almost_average,1,58.0,6.0,
amedema,3,75.0,10.0,
amidon1130,1,39.0,253.0,
analogkid01,4,50.0,-1.0,
andy_nony_mouse,1,109.0,3.0,
andysaurus_rex,23,107.0,16.0,
anon6489,2,25.5,1.0,
anongp313,5,222.0,10.0,
ant_troia,3,27.0,3.0,
apadin1,3,74.0,3.0,
apgoony,1,44.0,2.0,
apietryga13,1,113.0,49.0,
applypunhere,1,28.0,2254.0,
arc1261,4,198.0,6.5,
ard8,1,139.0,2.0,1.0
areric,1,241.0,4.0,
arewehumanzor,1,266.0,9.0,
arghabargh,1,28.0,2.0,
arideallthetime,3,117.0,7.0,
arobkinca,4,104.5,10.5,
aroh97,1,27.0,1.0,
arrav21,2,77.0,8.5,
arrchar,1,139.0,9.0,
arrowfan624,1,48.0,3.0,7.0
arstin,1,103.0,1.0,
aryndelvyst,1,35.0,1.0,
asbestosman2,1,74.0,1.0,
aselinger,1,180.0,3.0,
asmallercat,1,24.0,1.0,
astroball17,2,73.0,3.5,2.0
aswimmingkoala,1,20.0,1.0,
ataleoftwobrews,1,27.0,25.0,
atlhawk8357,1,54.0,1.0,
atseapoint,1,99.0,41.0,
attackfortwo,1,39.0,3.0,
auditory,1,377.0,10.0,
aure__entuluva,5,117.0,6.0,
autobot12349876,2,51.5,4.0,
avenear,55,107.0,-1.0,
awakenedbeing444,1,38.0,1.0,
azanzel,3,52.0,4.0,
azns123,1,87.0,295.0,
babble0n,16,41.5,6.5,
babydoughboy,1,120.0,1.0,
backflip14,1,224.0,3.0,
bad_ash52,1,26.0,3.0,
baddecision116,1,16.0,2.0,
bajablast4life,1,9.0,56.0,
balsamicpork,1,106.0,9.0,
bamesjond006,2,26.5,1.0,
bandyplaysreallife,2,74.5,23.5,
banjocoyote,1,19.0,95.0,
bartonja1,1,21.0,4.0,
baseballandfreedom,1,350.0,1.0,
basedmingo,1,111.0,3.0,
bb0110,14,127.0,12.0,
bbluewi,1,87.0,1.0,
bbqchechen,1,35.0,2.0,
bdaileyumich,4,146.5,4.0,
bdraider74,1,42.0,5.0,
beamerbeliever,3,78.0,3.0,
bear2008,1,17.0,1.0,
beardedbarrister,7,77.0,13.0,
bears2267,1,104.0,4026.0,
beartato327,1,31.0,1.0,
beathedealer,16,68.0,2.0,
beavismagnum,3,105.0,21.0,
beer_down,1,16.0,12.0,
beezer08,1,61.0,1.0,
belgiumwaffles,2,64.0,-23.5,
bendovernillshowyou,1,136.0,138.0,
beowulf77,1,28.0,7.0,
bertha112,1,29.0,1.0,
bestprocrastinator,11,55.0,10.0,
beticanmakeusayblack,3,41.0,17.0,
better-call-mik3,3,74.0,2.0,
bewildered_forks,3,4.0,16.0,
bfizzledizzle,1,67.0,4.0,
bgns0,2,66.0,18.0,
bigbear-08,1,26.0,1.0,
bigfootsteppa,1,35.0,1.0,
bigleaguechyut,1,15.0,5.0,
bigpig1054,1,64.0,7.0,
bigpoppy87,1,32.0,3.0,
bigtiddiepanda,1,527.0,1.0,
billbill17,1,121.0,1.0,
billspit,1,45.0,6.0,
billypilgrim_in_time,1,156.0,1.0,
biscardi34,1,10.0,1.0,
biscuitslayer77,1,13.0,4.0,
blaa42,1,71.0,1.0,
blackertai,1,207.0,6.0,
blank92,2,70.5,2.0,
blargman_,4,100.0,14.0,
blazershorts,5,56.0,1.0,
bleachinjection,5,66.0,4.0,1.0
bleep_blorp_bleep,1,76.0,5.0,
bliming1,1,26.0,-14.0,
blind2141,1,170.0,9.0,
blindMAN219,6,54.5,50.0,
blinx0rz,1,6.0,1.0,
blueMgamer,2,104.5,33.0,
bluedog329,1,28.0,11.0,
blueduebluemption,1,84.0,3.0,
bluegold4,1,30.0,11.0,
bluerang1,2,35.0,4.5,
blueshiftlabs,4,224.0,1.0,
blundering_ninja,1,33.0,6.0,
blurbaronusa,3,24.0,6.0,
bmli19,2,68.5,67.5,
bmoney_14,1,165.0,15.0,
bobafederline,1,32.0,4.0,
bobalmighty125,1,28.0,17.0,
bobloblawslawbloggs,1,47.0,20.0,
bobthedoozy,1,141.0,9.0,
bobthehydroman,1,37.0,1.0,
bojack1701,1,74.0,8.0,
boner_jamz_69,1,60.0,10.0,
boomshakalakaboi,1,115.0,3.0,
bossmanscan,1,63.0,38.0,
bostonfan148,2,106.0,1.0,1.0
boxman151515,2,106.5,12.5,2.0
bramadew,2,53.5,23.5,
braydenj713,1,33.0,4.0,
brechbillc1,1,44.0,1.0,
brewin91,1,33.0,47.0,
brianc500,1,126.0,21.0,
bringbacktheaxe2,1,67.0,1.0,
brock2607,1,58.0,2492.0,
brownbearks,1,148.0,96.0,
brownholez,1,57.0,13.0,
brownstown4life,1,29.0,1.0,
bruceadelia,1,129.0,3.0,
brwiha,1,10.0,1.0,
bryuce123,1,250.0,4.0,
bs6,1,119.0,1.0,
bship,1,39.0,24.0,
btkling,1,51.0,5.0,
bubowskee,3,183.0,5.0,
buckets41,1,115.0,6.0,
buckeye2114,1,349.0,2.0,
bucknut4,2,127.5,3.0,
buckshot307,5,36.0,33.0,
buffalotrace,1,94.0,3.0,
bufflo1993,1,214.0,2.0,
bulldg4life,1,20.0,10.0,
bullseyebuckeye,2,95.5,-4.0,
burningwatermelon,1,123.0,11.0,
butt_cheeks69,1,39.0,53.0,
bweeek,1,61.0,30.0,
bwolven,2,34.5,4.5,
bwy97754,1,45.0,207.0,
cA05GfJ2K6,1,17.0,23.0,
cahill48,1,27.0,6.0,
cairoscientia,1,196.0,1.0,
call_me_drama,1,16.0,286.0,
calligraphizer,2,128.0,69.5,
cambn,1,59.0,2.0,
campydirtyhead,3,182.0,5.0,
camwow64,1,118.0,7.0,
canconfirm01,1,80.0,5.0,
canesfan2269,1,22.0,6.0,
captainBlackUGA,1,103.0,14.0,
captainklaus,1,50.0,15.0,
cat_napped1,2,101.5,59.0,1.0
catboatratboat,11,90.0,3.0,
cbarks81,9,58.0,5.0,
cc010,2,50.5,16.0,
cc20r,1,51.0,1.0,
cc51beastin,1,95.0,1.0,
ccs89,3,216.0,8.0,
cemsity,1,36.0,4.0,
central2nowhere,3,18.0,2.0,
cfbytes,1,53.0,43.0,
chandlerbing_stats,2,74.5,5.0,
chapeauetrange,8,91.5,9.0,
charliewags30,1,137.0,7.0,
chas1217,1,67.0,1.0,
cheerl231,3,89.0,21.0,
chemistrygods,1,33.0,3.0,
chetbodet87,5,69.0,4.0,
chi_sweetness25,1,19.0,3.0,
chickentenderslut,1,39.0,8.0,
chiddie,1,39.0,1.0,
chillypete99,1,63.0,2.0,
chipthegrinder,1,48.0,57.0,
chomstar,1,43.0,22.0,
chrisaf69,1,85.0,139.0,
chrisckelly,1,188.0,1.0,
chuckdooley,1,42.0,1.0,
cibna54,1,12.0,3.0,
cindad83,2,185.5,2.0,
circa285,2,57.0,26.5,
cirtnecoileh,2,34.5,16.5,
cityofklompton,2,124.0,111.0,
cjosu13,1,529.0,6.0,
ckubi,2,43.5,2.0,
clebrink,2,52.5,-15.5,
clickbait2645,1,96.0,5.0,
clickclackrackem,1,78.0,1.0,
clothedandnotafraid,1,40.0,5.0,
cmack482,2,67.5,2.5,
cman811,1,122.0,10.0,
cmgro,1,104.0,6.0,
cmotdibbler,3,57.0,2.0,
cmz324,1,128.0,3.0,
cn0285,1,14.0,5.0,
coachfortner,4,52.0,11.0,
codymason84,3,43.0,5.0,
codyswann,10,42.5,-0.5,
cogginsmatt,1,33.0,1.0,
colbygraves97,1,81.0,1.0,
colebeansly,1,56.0,1.0,
colin_7,1,27.0,14.0,
collegeball110,1,43.0,5.0,
colonial_dan,1,36.0,3.0,
colordecay1227,1,19.0,9.0,
colton_97,1,89.0,15.0,
coltsmetsfan614,3,38.0,3.0,
comagnum,2,11.5,-2.0,
complete_aids,1,4.0,7.0,
comradewilson,1,28.0,3.0,
concentrate_better19,13,88.0,8.0,
confusedmouse6,1,7.0,-11.0,
constantlymat,1,249.0,74.0,
conv3rsion,2,21.0,3.0,
cookingRiceToo,1,10.0,6.0,
coolmesa,2,13.5,1.0,
coolycooly,1,138.0,17.0,
copper8100,2,47.5,-5.5,
corkythecactus,8,48.0,10.5,
corsair130,1,101.0,2.0,
corundum9,1,154.0,292.0,
cough_cough_harrumph,1,300.0,15.0,
count_nuggula,1,21.0,4.0,
country_blumpkin69,1,38.0,2.0,
countrymacc,1,69.0,6.0,
cowfodder,1,48.0,14.0,
cranium16,1,73.0,35.0,
creepig,2,33.0,3.5,
crg2000,4,25.0,3.0,
croscat,1,23.0,2.0,
crowd79,2,112.5,12.0,
crowmygod,1,96.0,87.0,
crsnyder13,1,33.0,2.0,
crzytimes,6,18.5,4.0,
csreid,1,234.0,2.0,
curtisas,1,49.0,1.0,
cuth22,1,16.0,1.0,
cuzzins99,1,84.0,1.0,
cvg596,1,36.0,31.0,
cw_27,1,8.0,1.0,
cyanocittaetprocyon,3,102.0,38.0,
cynicallyoptimistic1,1,168.0,1.0,
cystorm,1,108.0,28.0,
d_t_b_,1,59.0,96.0,
dabbersmcgee,1,45.0,1.0,
dadmandoe,1,361.0,22.0,
dajuice3,5,181.0,10.0,
dan-o07,4,34.5,19.0,
dan-saul-knight,4,81.5,9.5,
dan54849,2,47.5,5.5,
dan_144,1,40.0,30.0,
danakinskyrocker,1,15.0,1.0,
darkostwin,1,27.0,1.0,
darnfox,1,17.0,3.0,
darthvaedor,1,46.0,2.0,
datboiforever,1,34.0,9.0,
datsyuks_deke,2,75.5,59.5,
daveeb,1,291.0,1.0,
davvidho,2,102.0,13.5,
dawgfan19881,1,35.0,1.0,
dbroaudio,1,90.0,46.0,
dccorona,4,239.5,5.5,
ddottay,1,82.0,1153.0,
ddshroom,1,8.0,5.0,
de-broglie,1,27.0,17.0,
deadly_titanfart,1,31.0,1.0,
deborahdownerrr,1,79.0,2.0,
debotehzombie,3,42.0,1.0,
decentusername123,1,8.0,2.0,
decoy777,1,57.0,4.0,
default-username,1,36.0,20.0,
definitelyasatanist,1,29.0,4.0,
definitelynotacawp,1,79.0,3.0,
deflatethesack,2,183.5,2.0,
derekakessler,1,33.0,9.0,
desouki,1,280.0,12.0,
deutschdachs,1,186.0,40.0,
devhuxley,1,61.0,1.0,
devioustrevor,2,192.0,1.5,
devnoid,1,4.0,2.0,
dhdixjskxn,1,17.0,1.0,
dichloroethane,2,51.5,405.0,
did_it_my_way,3,97.0,36.0,
diffeqmaster,1,69.0,5.0,
digdat0,2,65.5,23.5,
dimmufitz,1,82.0,1.0,
dinelld,1,116.0,1.0,
dingjima,2,19.5,2.5,
dinorawr1337,1,30.0,4.0,
diopsideINcalcite,1,23.0,1.0,
dirtehscandi,1,67.0,8.0,
displacedindavis,1,103.0,285.0,
displacedpensfan,1,110.0,8.0,
dizdawgjr34,5,65.0,2.0,
dj112084,1,240.0,6.0,
dj_dairyfresh,1,84.0,12.0,
doabsnow,4,74.0,7.0,
doan1ghtmare,1,43.0,17.0,
docdarrel555,1,37.0,3.0,
docholiday4467,1,79.0,3.0,
doggo816,2,97.5,19.5,
dogi8,1,59.0,92.0,
dokocha0216,1,39.0,1.0,
don_keyhoete,1,35.0,2.0,
dont_wear_a_C,2,34.0,1.5,
doormatt26,8,71.5,2.0,
dooster,2,90.5,3.0,
dop3itztom,1,21.0,7.0,
doug_thethug,1,391.0,29.0,
dounce87,1,94.0,12.0,
down_up__left_right,1,151.0,1.0,
dr_funk_13,1,6.0,0.0,3.0
drafts_okay,1,49.0,2.0,
drainbead78,11,78.0,2.0,
dramaIIama,2,43.0,12.0,
draxula16,1,71.0,1.0,
dredabeast24,1,22.0,5.0,
dresn231,1,123.0,2.0,
drnbrgr,1,154.0,1.0,
drumbow,1,196.0,3.0,
drumcorpsdrummer22,1,69.0,1.0,
dryrunhd,1,603.0,4.0,
ds1106,2,77.0,6.5,
ds1224,1,50.0,5.0,
dspencer2015,1,66.0,90.0,
dudeedud4,1,138.0,2.0,
dudewithchronicpain,2,17.0,-7.5,
duhu1148,1,56.0,250.0,1.0
dumbellwarrior52,1,85.0,6.0,
eSpiritCorpse,2,40.0,61.5,
eagledog,1,34.0,5.0,
eatmyclit420,3,131.0,11.0,
eatthebear,1,90.0,3.0,
eazy311,3,31.0,60.0,
ech01_,2,31.5,5.5,
eclectic_tastes,1,77.0,1.0,
ecupatsfan12,3,46.0,4.0,
eddie_the_zombie,1,75.0,2.0,
editthis7,1,59.0,446.0,
effin_nana,1,33.0,175.0,
eggsaladrightnow,1,196.0,12.0,
egotistic_NaOH,1,15.0,1.0,
ekurisona,2,168.5,-6.5,
elcapitandemundo,1,113.0,1536.0,
elifad18,1,58.0,1.0,
elkman_23,3,81.0,4.0,
ellessidil,1,39.0,1.0,
ellus1onist,1,46.0,60.0,
end_of_discussion,2,121.5,24.0,
enderjaca,4,102.0,27.0,
enoughtobesmart1,1,106.0,3.0,
entropyISdeadly,2,32.5,13.0,
epicaz,1,9.0,1.0,
epicbeardman1126,1,39.0,11.0,
erwillsun,1,30.0,11.0,
esports_consultant,3,106.0,1.0,
espressojunkie,1,7.0,1.0,
eternalrefuge86,2,40.0,4.0,
ethanross11,1,14.0,1.0,
evan938,2,84.0,38.0,
exstreams1,1,238.0,5.0,
extralyfe,3,112.0,15.0,
f00tballm0dsTRASH,4,39.0,1.0,
facemelt,1,103.0,38.0,
fakejacki,1,78.0,2.0,
fall_vol_wall_yall,4,51.0,1.0,
fangboner,1,31.0,0.0,
farhan583,1,7.0,1.0,
fart_dot_com,16,83.5,11.0,
fatgods,1,99.0,31.0,
favoritedisguise,2,322.0,2.0,
fawkie,2,34.5,8.5,
faze_ogrelord,1,19.0,1.0,
fdar_giltch,2,36.0,5.0,
fe_2plus_man,1,78.0,25.0,
feed_me_haribo,1,12.0,3.0,
feralihatr,1,162.0,20.0,
feric51,1,102.0,228.0,
ffuser123,1,22.0,1.0,
fibsequ,12,126.5,-5.5,
fidelcashflo97,1,104.0,3.0,
filipinohitman,2,23.5,2.0,
fillymandee,2,180.5,5.5,
finbar717,1,100.0,8.0,
firefox15,1,80.0,82.0,
firemage22,1,54.0,20.0,
fizgigtiznalkie,1,61.0,46.0,
flashpile,1,35.0,1.0,
fm22fnam,1,84.0,2.0,
force_addict,6,82.0,9.0,
foreveracubone,29,71.0,2.0,1.0
foxtossingchamp,1,51.0,2.0,
fredmerc111,1,56.0,40.0,
freebird348,1,33.0,1.0,
freethrowtommy,1,208.0,7.0,
frick_this_fricking,1,113.0,1.0,
frimp0,2,22.0,35.0,
frizzyhair55,2,63.5,58.0,
froandfear,1,118.0,14.0,
frolie0,8,172.5,10.0,
funnymeme2112,2,254.5,2.5,
futuristanon,1,226.0,10.0,
g30rgi0,1,104.0,26.0,
galacticdude7,3,18.0,3.0,
gamer_pie,1,79.0,3.0,
gandemicher,1,56.0,2.0,
ganjakhan85,1,19.0,9.0,
garfi3ld,1,17.0,2.0,
gated73,2,115.5,9.5,
gayforjimmyG,1,5.0,11.0,
gen_wt_sherman,1,8.0,2.0,
genericreddituser986,7,93.0,2.0,
gentry_dinosaur,1,15.0,72.0,
geordieColt88,1,38.0,1.0,
getxolamiako,1,61.0,5.0,
gevensarcia,1,94.0,8.0,
gfugal,2,133.5,1.0,
ggadget6,1,10.0,1.0,
gill2022brav,1,67.0,1.0,
gmen6981,1,132.0,73.0,
gmwdim,5,47.0,10.0,
goblue10,1,20.0,2.0,4.0
goblue142,3,80.0,14.0,
goblue2000,1,110.0,8.0,
goblue2354,12,58.0,17.0,
goblue2k16,6,38.5,2.5,
goblueM,2,51.5,2.0,
godgersrodgers,1,150.0,1.0,
goisles29,2,93.0,19.0,
goldybear,1,62.0,1.0,
goodmanring,1,83.0,7.0,
goodsam2,1,58.0,13.0,
goofyskatelb,1,112.0,6.0,
gopoohgo,2,23.0,5.0,
gotmyjd2003,1,285.0,4.0,
gowingsgo,5,95.0,8.0,
grabtharsmallet,1,298.0,1.0,
grabthembythe,1,21.0,3.0,
grgriffin3,2,50.0,192.5,
griffinhamilton,1,86.0,3.0,
groovybeast,1,36.0,1.0,
groverclevelandshow,1,78.0,120.0,
grovermonster,1,12.0,3.0,
gtne91,2,61.0,1.5,
gu826,1,160.0,12.0,
gwabble,1,46.0,1.0,
h_nikole,1,15.0,3.0,
hahnsolo38,4,98.5,16.5,
haldad,2,34.5,12.0,
hamihambone,1,55.0,3.0,
haminacup,1,132.0,8402.0,
hamsterspanker,3,77.0,2.0,
happytree23,1,170.0,8.0,
hardyos,1,66.0,1.0,
harrycontrary,1,36.0,6.0,
harvest3155,1,33.0,1.0,
hascogrande,1,25.0,12.0,
hawkeyc,1,144.0,1.0,
heavydhomie,1,153.0,23.0,
heff17,1,11.0,3.0,
helium_farts,1,74.0,1.0,
heresjohnny702,1,65.0,2.0,
herlanrulz,5,116.0,5.0,
herp_that_derp,1,172.0,2.0,
heyheyitsandre,3,194.0,92.0,
highgravityday2121,3,83.0,5.0,
hikensurf,3,67.0,17.0,
hlsp,1,93.0,2.0,
hng_rval,1,118.0,9.0,
hochoa94,1,94.0,1.0,
hollowkatt,2,52.0,5.0,
holytrolly_,1,70.0,9.0,
honeypinn,3,93.0,10.0,
hoodieninja86,1,5.0,14.0,
horned-frog,1,59.0,2.0,
hotsauce126,1,42.0,2.0,
hskrfoos,2,225.5,22.0,
huskysniffer,1,58.0,55.0,
hwarif,1,35.0,1.0,
hyzersGR,6,160.0,13.0,
iDonwantKnowyoname,5,36.0,1.0,
iInTheSky93,1,59.0,2.0,
iStryker,1,1.0,1.0,
iWin-You-Get-Nothing,1,81.0,8.0,
i_dive_4_the_halibut,6,327.5,14.0,
i_want_to_go_to_bed,1,152.0,15.0,
iamnewlegend47,1,143.0,2.0,
iamnotlegendxx,1,11.0,3.0,
iamthinksnow,1,43.0,2.0,
iceburglettuce,1,68.0,5.0,
icemankiller8,1,359.0,1.0,
ides_of_june,1,72.0,6.0,
idiotek,1,19.0,13.0,
igonnawrecku_VGC,3,21.0,3.0,
ihadtomakeajoke,15,121.0,6.0,
ihate_reddit,1,19.0,17.0,
ihsgrad,3,63.0,4.0,
ikeepwipingSTILLPOOP,3,39.0,29.0,
ilikescotch,1,24.0,12.0,
ilovecfb,5,85.0,18.0,1.0
ilovethedraft,1,513.0,4.0,
imHere4kpop,1,21.0,1.0,
im_THIS_guy,1,51.0,5.0,
im_alliterate,5,64.0,4.0,
imrickjamesbioch,1,170.0,2.0,
inch7706,1,14.0,1.0,
incrediblystiff,2,38.5,5.5,
indecisivewhale,2,290.0,429.5,
indeediwilltry,1,205.0,-1.0,
infpTrojan,1,123.0,1.0,
insanewriters,1,41.0,6.0,
iscurred,1,68.0,0.0,
issoooo,1,7.0,7.0,
isunktheship,1,7.0,6.0,
itonlygetsdeeper,1,85.0,2.0,
itosdilemma,1,31.0,20.0,
itsbigcat812,1,72.0,10.0,
itsbraille,1,16.0,3.0,
itsyerboiTRESH,5,114.0,18.0,
ituralde_,10,289.0,14.5,
j0mbie,1,137.0,38.0,
jackrebneysfern,2,216.0,1.0,
jacobythefirst,1,68.0,70.0,
jakedeanissad,1,19.0,-9.0,
jakl8811,1,149.0,13.0,
jambajuic3,1,67.0,28.0,
jamesash1,2,18.5,2.0,
jamesfn7,2,29.0,1.5,
jasonmellman,1,50.0,7.0,
jaybigs,20,184.5,5.0,
jayfrancy,1,62.0,6.0,
jaymobe07,8,92.5,8.5,
jazzzzz,1,82.0,24.0,
jbmoonchild,1,110.0,4.0,
jcrespo21,3,110.0,20.0,
jdchambo,2,52.5,38.0,
jdprager,1,118.0,48.0,1.0
jducer,1,91.0,1.0,
jedi42observer,1,100.0,1.0,
jeneuegebwnejejsj,2,175.0,8.5,
jeremy-kyle007,1,3.0,5.0,
jfkgoblue,5,57.0,4.0,
jg4242,1,163.0,1.0,
jgregers,15,82.0,6.0,
jharden10,2,24.5,1.0,
jhgoblue,1,5.0,1.0,
jimmymogas,1,80.0,14.0,
jj5782,1,45.0,1.0,
jjgrossnickle,2,115.0,155.0,
jjk717,1,51.0,1.0,
jjonez18,1,17.0,3.0,
jking191,1,30.0,5.0,
jld2k6,1,302.0,3.0,
jmandell42,3,55.0,7.0,
jmickeyd,1,134.0,41.0,
jmz_199,1,16.0,-2.0,
joaquinsaiddomin8,1,72.0,6.0,
joedotphp,1,286.0,4.0,
joethahobo,3,125.0,23.0,
joeychin01,3,36.0,17.0,
joka2696,2,16.5,7.0,
jonathan_ericsson,1,81.0,37.0,
josejose50,1,155.0,3.0,
joshsarb2112,1,137.0,1.0,
jphamlore,1,1017.0,6.0,
jpharber,1,188.0,1.0,
jpmoney,1,61.0,1.0,
jqs77,1,71.0,5.0,
jray4559,1,250.0,1.0,
jrb12711,1,323.0,2.0,
jreid2222,1,371.0,18.0,
jslittell,1,22.0,20.0,
jspangles313,5,47.0,1.0,
jtezus,1,100.0,1.0,
jugganaw,1,15.0,1.0,
juicebox138,1,125.0,5.0,
juicius,1,73.0,7.0,
just-regular-I-guess,2,69.5,17.0,
just_a_human_online,3,85.0,1.0,
just_some_dude828,1,96.0,1.0,
justtheveryworst,2,79.0,9.0,
jwktiger,1,10.0,4.0,
kacheow,1,107.0,4.0,
kaiserwilson,5,32.0,2.0,
kalving,1,78.0,28.0,
kam516,16,120.5,3.0,
kamai19,1,5.0,1.0,
kamkazemoose,1,217.0,1.0,
kamui55,1,17.0,275.0,
karmaster,3,96.0,11.0,
kbkr,1,60.0,2.0,
keepinitrealzs,1,32.0,1.0,
kelpyb1,5,210.0,19.0,
kelvin_parkerbro,1,28.0,2.0,
kevrbunk86,1,179.0,7.0,
key_lime_pie,3,118.0,102.0,
kiiyyuul,1,106.0,10.0,
killerewok31,1,31.0,1.0,
kingpinnn,1,11.0,1.0,
kip256,6,74.0,-1.0,
kiptheenglish,1,4.0,2.0,
kirbaeus,1,55.0,49.0,
kitzdeathrow,4,5.5,1.0,
kjmw,2,121.0,5.0,
knightswatch_,1,70.0,7.0,
kolsonk,2,30.0,55.0,
komijul,1,248.0,12.0,
kpiech01,2,66.0,11.0,
kravisha,1,83.0,10.0,
krissean,1,20.0,8.0,
kronosreddit22,1,181.0,2.0,
kschrader,1,66.0,2.0,
kylkartz21,1,72.0,1262.0,
l5555l,1,68.0,1.0,
ladwagon,1,47.0,15.0,
laihipp,1,17.0,1.0,
lakecityransom,1,126.0,2.0,
lambiam,10,64.5,8.0,
lame-borghini,1,246.0,2.0,
lamewoodworker,2,52.0,4.0,
landmanpgh,7,97.0,10.0,
laranator,1,13.0,3.0,
lardshark,1,75.0,1.0,
larowin,4,28.0,10.0,
larrit,1,73.0,1.0,
lasmanzanas,6,32.5,3.0,
last-asgardian,1,19.0,1.0,
lc910,11,61.0,7.0,
lclear84,6,194.0,4.0,
leadtortoise1,2,53.5,22.5,
leakymemo,1,226.0,51.0,
leapbitch,2,34.5,4.0,
legendman769,1,12.0,2.0,
lernington,1,98.0,-2.0,
lesmiles248,1,19.0,2.0,
lestaat59,1,495.0,69.0,
letsgethead2toe,1,97.0,6.0,
letsgoiowa,2,45.0,12.0,
letsmilkit,1,3.0,1.0,
level100Weeb,1,45.0,550.0,
levijns1,2,54.0,3.0,
levilicious,1,40.0,1.0,
lexbuck,4,68.0,3.5,
lifetake,5,116.0,11.0,
lilboytuner919,1,128.0,3.0,
lion27,1,46.0,6.0,
liptongtea,1,41.0,2.0,
litlron,1,329.0,2.0,
liverbird3,2,107.5,20.0,
lmaytulane,4,24.5,32.5,
lmxbftw,6,91.0,17.5,1.0
longconsilver13,1,54.0,353.0,
longhorn2015,1,34.0,1.0,
lookalive07,2,233.5,5.5,
lord_james,1,62.0,1.0,
lord_patriot,2,69.0,4.0,
lordcorbran,1,105.0,6.0,
lordphysix,1,72.0,78.0,
lordsandwich021,1,51.0,195.0,
lostacoshermanos,1,20.0,1.0,
lot183,3,103.0,7.0,
loud_n_brown,1,345.0,5.0,
lovefist1,1,13.0,1.0,
loverofcfb08,1,33.0,8.0,
lucash7,1,181.0,-1.0,
lucianbelew,2,41.0,17.0,
luckyshell,1,133.0,1.0,
lukin187250,1,39.0,162.0,
luvdadrafts,1,28.0,11.0,
lycurgusduke,1,64.0,1.0,
m1n1gator,2,53.0,28.0,
mMac03,1,32.0,51.0,
madamsquirrel7,1,120.0,210.0,
madbadger44,1,76.0,6.0,
maduste,1,33.0,11.0,
maestro2005,1,132.0,1.0,
maglen69,1,47.0,-3.0,
magnumapplepi,2,22.0,1.5,
magrumpa3,1,19.0,9.0,
majorgeneralporter,4,35.0,32.5,
makerofpaper,1,82.0,21.0,1.0
maledin,1,15.0,2.0,
manbeqrpig,1,86.0,10.0,
mangledpenguin,1,174.0,1.0,
mansontaco,1,39.0,6.0,
manuscelerdei,5,182.0,9.0,
mashonem,1,58.0,5.0,
masonosam11,1,40.0,262.0,
mass_spectacular_,1,48.0,2.0,
masterjedirobyn,1,100.0,1.0,
matrobco,1,40.0,-39.0,
mattpsu79,1,87.0,1.0,
mattyborch,1,56.0,2.0,
matveyivanovich42,1,41.0,5.0,
mavlax22,1,14.0,2.0,
mayence,1,30.0,6.0,
mbe8819,1,58.0,1.0,
mbm7501,2,29.5,1.0,
mckills,1,49.0,1.0,
mcolwander90,2,45.5,4.5,
mdchemey,5,401.0,2.0,
me_oorl,1,36.0,2.0,
meatystocks,6,55.0,1.0,
mega_rad,1,101.0,5.0,
mehee0714,1,31.0,4.0,
meighty9,2,127.0,1.5,
mellolizard,2,44.5,11.5,
metal_derp,1,72.0,9.0,
metamorphage,2,50.0,50.5,
metaphysicalme,5,115.0,1.0,
meteorchopin,1,22.0,2.0,
metgalart,1,135.0,6.0,
mettahipster,2,23.5,4.0,
meyer_33_09,13,112.0,13.0,
michguy123,1,50.0,1.0,
michicago44,2,37.0,6.0,
michigan_matt,3,49.0,145.0,
michiganstudent,1,46.0,1.0,
michigansuperfan2,2,69.0,7.5,
mickeltee,2,51.5,199.5,
midnau92,1,50.0,2.0,
midnightsbane04,15,70.0,5.0,
miggly,5,75.0,13.0,
mind-blowin,4,65.0,13.0,
miss_clementine,1,77.0,2.0,
misterclay,1,122.0,3.0,
misteryub,2,96.5,9.0,
mitchec90,1,92.0,31.0,
mixman12,1,14.0,2.0,
mnico213,1,32.0,32.0,
mobilities,1,18.0,11.0,
moby323,1,14.0,13.0,
modernmanshustl,3,90.0,3.0,
moeshaker188,1,69.0,3.0,
mohammedgoldstein,1,118.0,18.0,
moistryze,1,21.0,47.0,
mojo276,1,193.0,6.0,
molten_dragon,2,55.5,27.5,
mombutts,1,97.0,1.0,
monalisasnipples,1,76.0,4.0,
monoDK13,1,200.0,9.0,
montague68,1,472.0,13.0,
moonville_1,1,12.0,76.0,
moosemousemoose,1,13.0,198.0,
morganrbvn,21,41.0,8.0,
morriea1,1,58.0,1.0,
mostdope28,4,23.0,1.5,
mountainoasis717,1,67.0,7.0,
moyboi2112,5,27.0,6.0,1.0
moysauce3,3,138.0,3.0,
mpfdetroit,1,103.0,37.0,
mps2000,2,31.5,-7.0,
mr_dammit,1,19.0,2.0,
mr_fireassmids,1,18.0,1.0,
mr_mcgibblets12,4,343.5,1.5,
mrfjcruisin,1,52.0,5.0,
mrgraybit,2,361.0,47.0,
mright1990,1,4.0,1.0,
mrostate78,2,57.0,13.0,
msstate3,1,38.0,210.0,
msubasic,1,34.0,11.0,
muffking49,1,36.0,9.0,
munklunk,1,59.0,1.0,
munnzylol,1,3.0,1.0,
munozohhh,2,114.0,5.5,
muse346,5,81.0,5.0,
mvia4,1,30.0,10.0,
mwb1234,3,20.0,36.0,
mylastemeraldsplash,1,76.0,1.0,
myman580,2,196.5,283.0,
mynameisrainer,1,70.0,1.0,
mysidianlegend,1,123.0,1.0,
myteriality,2,266.5,13.0,
n10w4,2,22.5,1.5,
n33fols,1,91.0,29.0,
n8loller,1,102.0,13.0,
nachobel,3,46.0,13.0,
naruda1969,10,50.0,3.0,
nasa258e,3,52.0,3.0,
nathodood,1,47.0,5.0,
navnaf,1,108.0,6.0,
navyseal722,1,40.0,3.0,
nba_memeing,1,73.0,65.0,
nctarheel91,1,10.0,7.0,
ndamukongwall,1,14.0,1.0,
neal_pt,1,14.0,4.0,
necrochaos,1,200.0,5.0,
negedgeClk,2,9.0,2.0,
neostalgiac,1,73.0,7.0,
neovenator250,3,60.0,2.0,
netflows,1,180.0,2.0,
newSomberMan,1,310.0,4.0,1.0
nexusFTW,1,187.0,-6.0,
nicholus_h2,8,119.5,8.5,
nickyp597,1,71.0,1.0,
nickyt398,1,4.0,3.0,
nighthawk_md,2,27.0,626.0,
nineteennaughty3,2,76.5,14.0,
nizzynate48,1,72.0,11.0,
nmichave,1,42.0,2.0,
nmm66,1,280.0,2.0,
nmombo12,1,55.0,3.0,
no-gaze,1,10.0,1.0,
no_more_jokes,1,1.0,4.0,
nohbdyshero,2,80.0,3.5,
nolablue1024,13,70.0,2.0,
nolelove,4,46.5,0.0,
nomo25,1,44.0,2.0,
noobcodes,1,118.0,7.0,
notaplacebo,3,104.0,22.0,
nothingsnootyplz,1,30.0,6.0,
nothuzz1910,13,41.0,2.0,
notlikethesoup,1,59.0,3.0,
nstutsman,1,31.0,2.0,
ntblt,2,96.0,3.0,
ntkwwwm,2,26.5,2.0,
nubbinator,1,223.0,4.0,
nuckeyebut,7,42.0,3.0,
nw____,3,203.0,32.0,
nytheatreaddict,1,119.0,2.0,
oeskuu,1,76.0,5.0,
ogpeplowski64,1,84.0,1.0,
oh-hi-kyle,2,97.5,5.5,
oh-no-godzilla,1,41.0,14.0,
ohiotiger123,2,39.5,4.0,
ohtisNA,2,217.0,10.0,
olBillyBaroo,2,14.5,150.5,
oldfartbart,1,18.0,2.0,
olivebestdoggie,5,75.0,4.0,
omarmctrigger,7,21.0,5.0,
omitch1995,2,114.5,21.0,
onebadshark,1,19.0,4.0,
onemanlan,1,17.0,1.0,
online_predator,6,103.0,16.0,
onlyicebeer,1,63.0,9.0,
onrocketfalls,1,56.0,1.0,
onyxblade42,3,58.0,16.0,
oonopson,2,70.0,8.5,
optionalmorality,2,1926.0,3.5,
optiplex9000,1,4.0,7.0,
orbthatisfloating,3,32.0,3.0,
oreomaster420,2,30.5,8.0,
original_sh4rpie,1,411.0,0.0,
os_kaiserwilhelm,4,259.5,8.5,
oscarthagrouch,1,173.0,2.0,
otf1024,4,49.5,7.5,
out_of_exile23,3,77.0,4.0,
p4rty_sl0th,3,26.0,2.0,
pachacutec,1,32.0,5.0,
packer4life12,7,113.0,1.0,
paintballduke22,1,39.0,9.0,
pamtar,5,163.0,1.0,
panoisclosedtoday,1,25.0,14.0,
papa_ganj,1,36.0,1.0,
papa_jahn,1,1.0,3.0,
papabear86,1,95.0,2.0,1.0
papaburgandy25,2,397.5,2.5,
papalouie27,1,15.0,3.0,
pappapirate,7,117.0,12.0,
pardonmyignerance,3,85.0,2.0,
parentheticalChaos,22,27.0,2.0,
passthefanta,2,68.0,10.5,
patches8748,1,54.0,1.0,
patientpump54,1,34.0,28.0,
patriots230,2,169.5,1.0,
pay_ralmer,1,4.0,59.0,
payday_vacay,2,146.0,7.5,
pdxphotographer,2,73.5,9.0,
peerlessblue,2,118.0,7.5,
pennquaker18,2,65.0,4.0,
persieri13,1,195.0,2.0,
peteroh9,3,68.0,7.0,
peterpeterllini,1,8.0,4.0,
petoskey_stone,2,26.0,75.5,
phamousj,2,124.5,1.0,
picklesarenotokay,1,123.0,3.0,
pie_0wns_y0u,1,74.0,27.0,
piemaniowa,1,108.0,891.0,
pileatedloon,1,266.0,5.0,
pilotdog68,1,47.0,8.0,
pinkflamingo734,1,16.0,1.0,
piratenoexcuses,1,110.0,3.0,
pk-starstorm,1,91.0,48.0,
placeholder_name85,1,137.0,-9.0,
plerberderr,1,100.0,81.0,
plutoisaplanet21,1,68.0,3.0,
pnw_cfb_girl,5,79.0,3.0,
polochakar,1,108.0,1.0,
polynomials,11,71.0,9.0,
polyscipaul20,5,26.0,1.0,
pootie820,1,83.0,-4.0,
positively4st,1,37.0,1.0,
potatojoe88,2,38.0,2.0,
powerelite,1,178.0,35.0,
prehistoricdragon,1,61.0,2.0,
princeofnunya,3,59.0,3.0,
probably_not_the_kgb,1,50.0,3.0,
prometheus_winced,1,8.0,3.0,
protest023,1,17.0,43.0,
psychodreamr,1,16.0,1.0,
psyspoop,4,105.5,4.0,
purple__bird,1,20.0,5.0,
puz23,5,254.0,3.0,
pwn3r0fn00b5,1,78.0,1.0,
pxp332,5,31.0,12.0,
qas_wex,1,144.0,9.0,
qlayer2,1,9.0,3.0,
quikmaths,2,130.0,8.5,
r2twfan1991,1,216.0,-17.0,
r_u_dinkleberg,2,123.0,1.5,
rabertdinero,2,63.0,3.5,
radios_appear,1,149.0,1.0,
rakawakaeggegq,1,19.0,20.0,
raleighboi,1,37.0,1.0,
rambouhh,3,85.0,46.0,
ramsdude456,1,259.0,2.0,
randrews202121,1,62.0,206.0,
rasmus1949,1,75.0,1.0,
rawl28,1,30.0,8.0,
rc4915,14,101.0,4.0,
rds060184,3,1.0,7.0,
rePAN6517,1,10.0,2.0,
re_zacks,1,74.0,46.0,
reactrix96,1,45.0,6.0,
readonlypdf,8,45.5,5.5,
realestatereddit,1,43.0,11.0,
realityinabox,1,51.0,19.0,
realm47,1,75.0,25.0,
realwolverinefan724,1,46.0,1.0,
reap3rx,1,47.0,111.0,
redcobra80,1,95.0,2.0,
reddit_names,6,45.0,1.0,
redditsucks9gagrules,1,122.0,10.0,
reddogrjw,1,61.0,27.0,
redsfan4life411,5,96.0,1.0,
redsyrinx2112,2,127.5,7.0,
redundanttakes,1,16.0,3.0,
redwings0821,1,4.0,9.0,
redwings1340,1,259.0,5.0,
redwingvksm,1,44.0,1.0,
reesejenks520,2,19.5,26.0,
rendeld,13,99.0,6.0,
renden123,2,56.5,1.0,
restu6,2,31.5,-3.0,
retrograderevolution,3,7.0,2.0,
reveilse,2,66.0,26.0,
reverie42,1,667.0,27.0,
reximus123,1,857.0,7.0,
rezelscheft,1,169.0,7.0,
rhymeswithtag,1,80.0,8.0,
ritapoon69420,1,126.0,5.0,
ritz37,1,12.0,18.0,
rkane_mage,1,35.0,20.0,
rminor205,1,62.0,1.0,
rnightlyfe,1,63.0,2.0,
roberta_sparrow,1,68.0,113.0,
rockediny,4,58.0,17.0,
rocket_beer,9,84.0,1.0,
rockshow4070,1,67.0,1.0,
roguemystic,1,5.0,3.0,
rolltide1000,1,109.0,28.0,
rompskee,1,55.0,1.0,
ron_mexxico,1,31.0,12.0,
ronmsmithjr,2,120.0,1.5,
roseffin,1,64.0,13.0,
row_blue,1,43.0,2.0,
royallex,2,124.0,16.5,
royaloaktwo,6,207.5,6.5,
royceda956,1,15.0,2.0,
royrules22,1,50.0,3.0,
rrabraham,2,42.5,99.5,
rrraaattts,1,130.0,1.0,
rtf83,1,117.0,1.0,
rubixor,1,127.0,1.0,
rumhamrevenge_,1,43.0,6.0,
runningwaffles19,1,88.0,2.0,
ruxspin,1,8.0,2.0,
rvasko3,2,33.5,8.0,
rworld1,1,21.0,2.0,
ryrysofly,1,30.0,9.0,
s1105615,2,89.5,2.5,
sagmag,1,298.0,3.0,
sahilsidhu2,1,4.0,25.0,
saladbar,1,41.0,1.0,
salestard,3,235.0,-15.0,
salparadisewasright,1,89.0,2.0,
salyer41,1,49.0,3.0,
sasquatcheater,1,71.0,3.0,
savage011,1,119.0,1.0,
saxon237,6,61.5,1.5,
sc2Kaos,1,27.0,2.0,
scadams23,1,103.0,1.0,
scarywolverine,1,36.0,40.0,
scbtl,1,78.0,7.0,
scgavin,1,63.0,1.0,
schadkehnfreude,1,445.0,2.0,
schuster9999,1,19.0,1.0,
scots,1,67.0,-2.0,
scsnse,1,64.0,1.0,
seanlaw27,1,85.0,7.0,
seariously,1,60.0,5.0,
sebsasour,1,87.0,1.0,
secondphase,3,41.0,41.0,
seductivestain,1,27.0,1.0,
seemtobedead,4,41.5,1.5,
senorpoop,2,190.0,9.5,
seracohwris,1,2431.0,-6.0,
sexysouthernaccent,1,74.0,3.0,
sfdude2222,2,130.5,5.0,
sfzen,1,254.0,12.0,
shaka_sulu,1,35.0,5.0,
shakin_the_bacon,2,157.5,213.0,
shapu,1,59.0,4.0,
sharkbait_oohaha,5,161.0,5.0,
sharkbaitxc,1,100.0,1.0,
shartfartmctart,2,47.0,11.5,
shiggism,1,25.0,1.0,
shmecklesss,1,113.0,39.0,
shockedtoo,7,93.0,9.0,
shoeman22,1,30.0,1.0,
shstron44,5,152.0,7.0,
shychiable,2,374.0,3.0,
siberianwolf99,1,83.0,1.0,
sickmemes48,3,38.0,27.0,1.0
sillyblanco,1,136.0,3.0,
simbabeat,1,57.0,14.0,
simjanes2k,1,43.0,30.0,
simp-bot-3000,3,109.0,-3.0,
simplejack66,1,26.0,33.0,
simsiesunshine,1,156.0,177.0,
sinenomine83,1,55.0,43.0,
sithsoul,1,63.0,22.0,
skepticalDragon,1,175.0,5.0,
skittlemyrainbow,1,44.0,3711.0,
skoormit,2,147.5,121.0,
skoryy,3,43.0,2.0,
sktgamerdudejr,1,149.0,1.0,
skullcutter,1,112.0,11.0,
skurnie,1,65.0,1.0,
skylinecat,1,16.0,1.0,
slabserif_86,1,300.0,4.0,
slayer991,1,119.0,245.0,
slayerhk47,4,35.5,12.0,
sleestackin,1,21.0,28.0,
slick_willyJR,7,35.0,1.0,
slider320,1,51.0,5.0,
slinkymello,8,59.5,9.0,
sloppyjo12,1,4.0,9.0,
slutmagic420,2,14.5,1.5,
smackythefrog,1,105.0,3.0,
smith288,3,139.0,8.0,
smokedspirit,1,270.0,5.0,
sn0skier,1,36.0,4.0,
snoopmt1,2,81.0,6.5,
snowsniper66,2,378.0,1.5,
snypesalot,1,37.0,17.0,
soccerhuelsman,1,777.0,1004.0,
solarvirga,1,29.0,5.0,
somaybemaybenot,1,61.0,2.0,
somebodysbuddy,1,85.0,1.0,
sonfoa,1,38.0,8.0,
sor1,2,28.5,20.0,
space9610,1,73.0,16.0,
sparside223,2,55.0,5.0,1.0
specialkang,2,61.0,2.0,
spectrallibrarian,2,264.0,12.5,
spencer4991,1,43.0,-7.0,
spikey1201,1,105.0,1.0,
spillwagon,1,84.0,2.0,
splarged,1,5.0,2.0,
splitplug,1,51.0,15.0,
spoopyskelly,5,78.0,4.0,
srblan,2,63.0,3.0,
sshanbom111,1,8.0,8.0,
standapokeman,1,14.0,3.0,
starkshift,1,145.0,4.0,
stazmania,2,129.0,1.0,
steamedorfried,2,36.0,4.0,
steeltownblue,4,58.0,2.5,
stepdumb,2,27.0,24.5,
still_dream,1,67.0,1.0,
storm2k,1,601.0,2.0,1.0
stredd87,1,165.0,1.0,
strength19,2,25.0,3.0,
stuckmustafina,1,59.0,1.0,
subZeroT,1,68.0,3.0,
sucks_at_usernames,5,73.0,6.0,
suntoshe,1,133.0,14.0,
supremegnkdroid,1,30.0,9.0,
surfinThruLyfe,3,32.0,4.0,
surreal3k,2,71.5,3.0,
swagrabbit,2,75.5,5.0,
sweetfeet009,3,62.0,1.0,
sweetmorty,5,93.0,4.0,
sxwriter,1,56.0,1.0,
sycamotree,5,148.0,2.0,
sylvestorthecat,1,8.0,4.0,
t1dmommy,1,152.0,6.0,
taddymason_76,1,39.0,65.0,
taffyowner,2,47.0,6.5,
talonx13,1,72.0,2.0,
tangell610,1,28.0,3.0,
tanktops_and_anxiety,1,52.0,1.0,
taylor1288,2,22.5,82.0,
td4999,1,70.0,20.0,
tearable_puns_to_go,1,87.0,5.0,
teflon_bong,2,168.0,5.0,2.0
teflong,6,108.0,5.0,
tegridyfarmz420,1,3.0,19.0,
tehkoolkat,2,54.5,6.0,
tenniscourt24,4,36.0,1.0,
terrell_owens,1,43.0,1.0,
test25492,1,51.0,3.0,
texas2089,1,231.0,1.0,
texascannonball,1,54.0,-1.0,
thabe331,2,58.5,9.0,
thatman33,22,79.0,14.5,1.0
thatonionsmell,1,51.0,1.0,
thatshinybastard,1,85.0,1.0,
thatvhstapeguy,2,46.5,21.5,
the-real-macs,1,217.0,3.0,
the1grimace,1,220.0,5.0,
theDylanS,1,50.0,1.0,
theMAYNEevent,1,91.0,0.0,
theSpringZone,1,66.0,8.0,
theZombiebeary,2,82.5,0.5,
the_cdr_shepard,1,13.0,19.0,
the_clit_isnt_real,1,46.0,2.0,
the_onewhoknocks,1,68.0,20.0,
the_swanson_stache,1,23.0,5.0,1.0
the_which_stage,6,98.0,2.5,
thebusterbluth,3,66.0,11.0,
thecarlosdanger1,2,440.0,4.0,
theclickhere,2,65.5,1.0,
thedavecan,1,81.0,1.0,
thedude543210,2,45.0,5.0,
thefightingflip,1,176.0,5.0,
themarsrover,1,94.0,8.0,
thepalmtree,1,148.0,9.0,
theque22,1,62.0,1.0,
thereal-quaid,2,21.0,4.0,
therealmrmiagi,1,81.0,44.0,
thereisnocartwright,11,49.0,4.0,
therussian163,1,32.0,94.0,
theseabeast,1,118.0,10.0,
theseyeahthese,1,27.0,22.0,
theslumberingjack,1,4.0,1.0,
theteam16,1,124.0,77.0,
thetennisgod,1,65.0,1.0,
thethirdman3,1,505.0,140.0,
thetrain23,1,222.0,3.0,
theytook-r-jobs,1,43.0,244.0,
thirtyott,3,33.0,10.0,
thisisnoone,1,435.0,1.0,
thisisntplagiarism,1,33.0,23.0,
thisistheperfectname,11,53.0,13.0,
tholmantransfer,1,43.0,1.0,
thosedamnmouses,1,54.0,12.0,
threefivesix4000,1,5.0,1.0,
thriller13,1,111.0,34.0,
throwaway2421200000,1,53.0,3.0,
throwaway26487,2,38.0,8.0,
thrwy18383747,1,26.0,1.0,
thunder3029,1,65.0,2404.0,
thytimo,1,32.0,3.0,
ticklishmusic,2,46.5,1.5,
tightspandex,1,47.0,4.0,
tilertailor,1,50.0,3.0,
timjimthegreek,1,23.0,1.0,
timnotep,3,9.0,9.0,
timodeee,2,9.0,1.0,
timtot23,3,524.0,1.0,
tinamou63,1,57.0,5.0,
tjbondurant,2,31.5,2.5,
tmifsud530,1,72.0,38.0,
tnvolguy1,1,36.0,3.0,
toast_across,2,98.5,53.5,
token_reddit,1,63.0,1.0,
tomberry5,2,42.0,2.0,
tonghands,1,527.0,4.0,
tony971,1,54.0,2376.0,
tonyjefferson,1,75.0,1.0,
tooSlowtooFrivolous,1,57.0,3.0,
toolatealreadyfapped,2,22.5,1.0,
topher3003,1,223.0,2352.0,3.0
topredditbot,1,130.0,2.0,
tostboi,1,27.0,1.0,
tourettesguy54,5,252.0,11.0,
toxicdick,2,165.5,7.5,
tragicallyohio,4,49.5,2.0,
traplej,3,91.0,43.0,
trashboatfourtwenty,1,186.0,3.0,
triciann,1,173.0,3.0,
triplec76,1,255.0,1.0,
tritonice,1,44.0,6.0,
trongzoon,1,34.0,1.0,
trowlazer,1,20.0,4.0,
trtviator,1,98.0,4.0,
truecolors5,5,81.0,15.0,
trulyniceguy,1,2.0,1.0,
tulsasmit,7,72.0,7.0,
turrellyjones,2,47.0,9.5,
turtlemustangnick1,1,93.0,1.0,
tvchase,1,58.0,313.0,
twileydesign,1,148.0,7.0,
twoquarters,1,36.0,-3.0,
twoterms,1,10.0,5.0,
twschum,2,77.0,12.0,
tycoge,1,97.0,3.0,
tyler2114,2,81.5,548.0,
typicalwhiteguy113,1,4.0,3.0,
ubbergoat,1,33.0,10.0,
ugafan86,3,185.0,4.0,
umbertounity82,1,70.0,15.0,
umich82063,1,114.0,30.0,
uncle_Vernon,3,31.0,2.0,
uncovered-nose-holes,1,3.0,1.0,
unduly_verbose,3,175.0,19.0,
unsurehighsenior,1,120.0,22.0,
upper_west_sider,1,145.0,1.0,
uppercuticus,1,99.0,10.0,
urban_meyer_coed,3,15.0,3.0,
urbanachiever2804,2,656.0,52.0,
uscrash,1,58.0,2.0,
userwithusername,1,16.0,26.0,
usetheforce_gaming,6,134.0,51.0,
usmclvsop,1,94.0,10.0,
valenciansun,1,108.0,15.0,
valuesandnorms,1,61.0,1.0,
vandamis,1,34.0,5.0,
varooney2919,5,74.0,3.0,
varsityvideogamer,1,55.0,12.0,
vashed,2,35.0,14.0,
verdenvidia,1,47.0,2.0,
very_humble,3,53.0,3.0,
victorged,4,102.5,6.0,
viking1428,1,35.0,6.0,
vilkacis,2,255.0,6.0,
vinnyseri,3,78.0,4.0,
virtualGain_,10,92.0,6.0,
vollover,1,69.0,0.0,
volstock2098,2,71.0,52.5,
voncornhole2,1,101.0,51.0,
vwguy0105,1,87.0,1.0,
vyts18,1,108.0,1.0,
w3duder,1,9.0,6.0,
waffleking_,1,60.0,4.0,
wallace6464,1,29.0,1.0,
waluigithewalrus,1,32.0,1.0,
warblade7,1,50.0,3.0,
wastebinaccount,3,33.0,3.0,
watchout86,1,481.0,8.0,
way2gimpy,2,69.0,8.0,
wbaker18,1,151.0,2.0,
webbed_feets,1,101.0,1.0,
weeweepeepeeman,1,372.0,82.0,
weirdbutinagoodway,1,15.0,38.0,
wentworthjenga,1,54.0,6.0,
wesman212,4,54.5,6.0,
wesweb,1,48.0,6.0,
what_ok,1,38.0,2.0,
whateverandeverand,1,59.0,3.0,
whatifevery1wascalm,1,54.0,7.0,4.0
whatsinthesocks,1,90.0,1.0,
whatstocome,1,490.0,26.0,
whatupdoeeeeeeeeeee,1,95.0,1.0,
whenweriiide,3,16.0,3.0,
white-claw-bitch,1,30.0,15.0,
whitedawg,5,50.0,6.0,
whitelife123,2,128.0,3.0,
whoscoal,2,120.0,2.0,
will_307305614,1,195.0,2.0,
willast,1,5.0,7.0,
winniethezoo,1,1.0,3.0,
wolverine6,8,29.0,3.5,
woodieboy,1,25.0,23.0,
worlds_loudest_mime,1,85.0,31.0,
wowyouresoright,6,106.0,-1.5,
wps1991,1,44.0,193.0,
wtfrikdude,1,86.0,1.0,
wurtin,1,235.0,9.0,
wwwzugzugorc,1,102.0,2.0,
x777x777x,13,80.0,10.0,
xDarkReign,1,94.0,3.0,
xXBadger89Xx,3,89.0,1.0,
xeltic4,1,55.0,32.0,
xepa105,2,64.0,78.0,
xghoulishmiragex,1,15.0,1.0,
xproofx,1,12.0,5.0,
xr4tim,1,3.0,1.0,
xxTERMINATOR0xx,1,5.0,10.0,
xxTriky,3,88.0,18.0,
xxWildbeast13xx,1,60.0,4.0,
ya111101,1,200.0,3.0,
ya_mashinu_,1,43.0,29.0,
yanchovilla,1,31.0,5.0,
ybpreacher,1,64.0,27.0,
yeahsuckmybonerpal,1,60.0,3.0,
yeahyeah_workingonit,1,6.0,588.0,
yellow_yellow,1,37.0,1.0,
yeshua1986,1,83.0,80.0,
yogurtshwartz,2,12.5,17.5,
yoitsthatoneguy,1,12.0,37.0,
yopierresucktoes,1,41.0,1.0,
youngerharp33956,3,12.0,7.0,
youngjak,1,23.0,1.0,
your-mom--,1,65.0,2.0,
youreseeingdouble,1,41.0,3.0,
yousernameunknown,1,93.0,14.0,
yumyumapollo,2,39.0,5.0,
yunohavefunnynames,8,44.0,11.0,
yup79,1,42.0,4.0,
yupyupyupyupyupy,1,4.0,-5.0,
zferguson,1,32.0,3.0,
zingerbanger,2,51.5,3.0,
zombiebait23,1,66.0,10.0,
zorbathegrate,1,94.0,5.0,
zpk5003,1,25.0,8.0,
zsmitty,1,52.0,4.0,
zzyul,1,168.0,7.0,
